source_name,author,date,title,description,content
Business Insider,ssheth@businessinsider.com (Sonam Sheth),2023-09-12,"Elon Musk learned hypnosis as a child and managed to convince his sister that she was a dog and to eat raw bacon, a new book says","Elon Musk learned magic tricks and hypnosis as a kid and once used it on his little sister, according to a new biography about the SpaceX and Tesla CEO.","When Elon Musk was a kid, he learned hypnosis and convinced his younger sister that she was a dog and persuaded her to eat raw bacon.
That's according to a new biography, ""Elon Musk,"" by the author … [+938 chars]"
Fortune,Paige Hagy,2023-09-12,Elon Musk lives life like he’s playing a video game—from ‘demon mode” to gleaning life lessons from ‘Polytopia’,"""Elon Musk,"" a biography that recounts the childhood, career, and personal life of the billionaire, hit shelves on Tuesday.","Elon Musk had just finished playing a video game with Grimes when he made his offer to buy Twitter in April 2022. He and the musician, with whom he has three children, had stayed up until 5 a.m. play… [+4623 chars]"
CNN,Paul Glader,2023-09-12,Four takeaways from Walter Isaacson's biography of Elon Musk,"""You'll never be successful,"" Errol Musk in 1989 told his 17-year-old son Elon, who was then preparing to fly from South Africa to Canada to find relatives and a college education.","Youll never be successful, Errol Musk in 1989 told his 17-year-old son Elon, who was then preparing to fly from South Africa to Canada to find relatives and a college education. 
Thats one of the sc… [+8393 chars]"
Business Insider,Grace Dean,2023-09-12,"After Elon Musk spoke to Neuralink director Shivon Zilis about his population decline fears, she decided to have children. He suggested being her sperm donor.","Zilis said that choosing to have Musk as a sperm donor was an ""easy decision"" because she admires him more than anyone else on earth.","nullChesnot/Getty Images
<ul><li>Elon Musk and Shivon Zilis decided to have children together after he spoke to her about population decline.</li><li>The tech mogul and Zilis, currently a Neuralink … [+3391 chars]"
Financial Post,Bloomberg News,2023-09-12,"Tesla gets $80-billion boost from analyst call, but not everyone buys it",Some investors find Tesla Inc.'s $500-billion projection from Morgan Stanley 'outlandish' given its already high valuation. Find out more.,"Some investors find the $500-billion projection from Morgan Stanley 'outlandish' given its already high valuation 
Author of the article:
Tesla cars parked in a lot at the Tesla Inc. factory in Fre… [+7144 chars]"
Business Insider,Sonam Sheth,2023-09-12,"Elon Musk followed his little sister around as a teen because he didn't want to be lonely, reading books when she went to clubs or parties, biography says","Musk's younger sister, Tosca, told him that he had to ""stay ten feet away"" from her when he joined her, according to a new biography.","Tosca and Elon MuskJon Kopaloff/Getty Images // Britta Pedersen-Pool/Getty Images
<ul>
<li>Elon Musk trailed his little sister to clubs and parties when they were teenagers, according to a new book.… [+1547 chars]"
Fortune,Irina Ivanova,2023-09-12,Elon Musk sent a graphic mid-childbirth picture of Grimes to friends and family and was surprised when she got upset,"When Musk shared the photo with Grimes’ father and brothers, she said “It was his Asperger’s coming out in full.”","Elon Musk, the worlds richest man and an avid proponent of having children, was so excited when his first child with the artist Grimes was born, he sent photos of the procedure to both their families… [+3417 chars]"
Business Insider,"Grace Kay,Grace Dean",2023-09-12,"Elon Musk 'associates love with being mean or abusive,' Grimes told biographer Walter Isaacson","""When we hang out, I make sure I'm with the right Elon,"" Grimes told Elon Musk biographer Walter Isaacson. ""There are guys in that head who don't like me.""","Grimes told Walter Isaacson that Elon Musk ""associates love with being mean or abusive"" because of his father.Theo Wargo/Getty Images
<ul>
<li>Elon Musk ""associates love with being mean or abusive"" … [+4780 chars]"
Next Big Future,Brian Wang,2023-09-12,Bill Gates Tries to Profit by Driving Down Tesla Shares and is Confused by Elon Musk Anger,Bill Gates bet billions against Tesla in a method called short selling. Short selling involves borrowing a security from a broker and selling it on the open market. Short selling adds liquidity to a market by increasing the volume of buying and selling above …,Bill Gates bet billions against Tesla in a method called short selling. Short selling involves borrowing a security from a broker and selling it on the open market. Short selling adds liquidity to a … [+7361 chars]
Fox News,"Brian Flood, Nikolas Lanum",2023-09-12,"Elon Musk biography contains inaccurate tale on Russia-Ukraine war incident, author admits: 'I made a mistake'",Author Walter Isaacson admitted he made a mistake with a story about how he characterized Elon Musk,"Author Walter Isaacson acknowledged a ""mistake"" in his much-anticipated biography on Elon Musk that came out this week that characterized the tech mogul as putting his finger on the scale in favor of… [+4272 chars]"
ABC News (AU),Elizabeth Byrne,2023-09-12,Canberra man accused of stealing Nick Kyrgios's Tesla wants case against him to be dropped,Lawyers for the 32-year-old accused of stealing Nick Kyrgios's Tesla say police are taking too long to hand over the full brief of evidence and the case should be abandoned.,"Lawyers for a man accused of stealing a Tesla car owned by tennis star Nick Kyrgios have asked the ACT Magistrates Court to abandon the case, because police have taken too long to produce the full br… [+2002 chars]"
Business Insider,Grace Kay,2023-09-13,"Elon Musk wanted to build a house that looked like it 'fell out of space,' new book reveals","Elon Musk has said he owns a prefabricated home, but his biographer said he has discussed plans to build a new mega house on a horse farm in Texas.","Elon Musk pictured with a prefabricated house that was delivered to SpaceX in 2021. He has said he is living in a $50,000 house he rents from the space venture.Jorge Ramirez and Chesnot/Getty Images… [+5412 chars]"
BBC News,,2023-09-13,"'Overwhelming consensus' to regulate AI, says Elon Musk",The Tesla CEO was among the top tech leaders meeting with US lawmakers to discuss AI governance,"Top tech leaders, including Elon Musk, Mark Zuckerberg, Sundar Pichai and Bill Gates, met US lawmakers on Wednesday to discuss AI governance.
'This meeting may go down in history as being very impor… [+47 chars]"
Business Insider,Brent D. Griffiths,2023-09-13,Elon Musk told biographer that Trump is 'the world champion of bullshit',"According to Walter Isaacson's biography, Musk approached Trump's election with cautious optimism that later vanished in the face of ""buffoonery.""","Tesla CEO Elon MuskChesnot/Getty Images
<ul>
<li>Elon Musk told his biographer that he's ""not Trump's fan.""</li>
<li>Musk, according to Walter Isaacson's new book, also called the former president ""… [+1974 chars]"
Business Insider,"Polly Thompson,Grace Dean",2023-09-13,"Elon Musk once caught malaria on safari and was 'hours from death,' book says",Walter Isaacson's new biography of Elon Musk gives more insight into why the Tesla and SpaceX billionaire seems to dislike taking time off.,"Elon Musk did take some time off in July 2022 when he visited the Greek island of Mykonos.MEGA/GC/Getty Images
<ul><li>Walter Isaacson's biography of Elon Musk shines new light on the world's riches… [+4228 chars]"
Politico,Steven Overly,2023-09-13,"It’s time to regulate AI like cars and drugs, top Microsoft exec says","Microsoft President Brad Smith will join other tech leaders, including Elon Musk, Mark Zuckerberg and Sam Altman, at an artificial intelligence forum today hosted by Senate Majority Leader Chuck Schumer.","With Congress in a flurry of hearings on AI this week, Smith is among the tech leaders expected at a closed-door session with Senate Majority Leader Chuck Schumer on Wednesday, along with Elon Musk o… [+3468 chars]"
Business Insider,Insider Inc.,2023-09-13,"Elon Musk, Mark Zuckerberg, Bill Gates and other tech names head to Washington for a closed-door meeting on policing AI","Some of the biggest tech leaders in the world, like Elon Musk and Mark Zuckerberg, gathered in Washington to discuss ways to potentially police AI.","Elon Musk, speaking outside the ""AI Insight Forum"" in Washington on Wednesday. He and other tech leaders were discussing artificial intelligence and possible government regulation.Photo by Nathan How… [+3864 chars]"
TechCrunch,Jagmeet Singh,2023-09-13,"Tesla plans to almost double component sourcing from India to $1.9B this year, says minister | TechCrunch","Tesla is planning to nearly double its component sourcing from India to up to $1.9 billion this year, the nation’s trade minister has said, underscoring Tesla is planning to nearly double its component sourcing from India to up to $1.9 billion this year, the …","Tesla is planning to nearly double its component sourcing from India to up to $1.9 billion this year, the nations trade minister has said, underscoring the growth of electric-vehicle component manufa… [+2512 chars]"
Business Insider,Charles R. Davis,2023-09-13,Elon Musk's control of Starlink gives him unchecked power over elected governments,There is a growing consensus that one unelected man should not decide what is or is not a legitimate military target.,"Chesnot/Getty Images
<ul>
<li>Elon Musk's control over Starlink is in the spotlight after he thwarted a Ukrainian attack.</li>
<li>Musk says he vetoed a 2022 strike on Russia's Black Sea Fleet over … [+7893 chars]"
The Verge,Umar Shakir,2023-09-13,"Tesla unveils Powerwall 3, this time with a built-in solar inverter",Tesla’s Powerwall 3 has a built-in solar inverter for easier home emergency and solar power installs and is coming in 2024.,"Tesla unveils Powerwall 3, this time with a built-in solar inverter
Tesla unveils Powerwall 3, this time with a built-in solar inverter
 / Teslas latest home battery backup solution, Powerwall 3, i… [+2635 chars]"
Business Insider,"Polly Thompson,Grace Dean",2023-09-13,"Elon Musk once caught malaria on safari and was 'hours from death,' book says",Walter Isaacson's new biography of Elon Musk gives more insight into why the Tesla and SpaceX billionaire seems to dislike taking time off.,"Elon Musk did take some time off in July 2022 when he visited the Greek island of Mykonos.MEGA/GC/Getty Images
<ul><li>Walter Isaacson's biography of Elon Musk shines new light on the world's riches… [+4228 chars]"
Fortune,Chloe Berger,2023-09-13,"How Musk and Bezos first met, with an insulted Elon inviting himself to tour Blue Origin","The two billionaire CEOs rubbed each other the wrong way upon meeting, according to new biography about Elon Musk.","Billionaire CEOs are like betta fish. Put them in the same tank and they might get territorial (or write passive-aggressive tweets). At least, that seems to be the case for Elon Musk and Jeff Bezos, … [+4327 chars]"
Business Insider,Grace Kay,2023-09-13,"Elon Musk wanted to build a house that looked like it 'fell out of space,' new book reveals","Elon Musk has said he owns a prefabricated home, but his biographer said he has discussed plans to build a new mega house on a horse farm in Texas.","Elon Musk pictured with a prefabricated house that was delivered to SpaceX in 2021. He has said he is living in a $50,000 house he rents from the space venture.Jorge Ramirez and Chesnot/Getty Images… [+5412 chars]"
Fortune,Grace Lordan,2023-09-13,Why critics love to hate Elon Musk–and why his fans adore him,LSE's Grace Lordan explains how the psychology behind love and hate makes Musk elicit such emotional responses.,"There isnt a week that goes by that coverage of Elon Musk isnt dominating news headlines. Strikingly, a lot of the coverage concerns his own posts on X, where it has been estimated that he has the ab… [+7688 chars]"
Business Insider,Brent D. Griffiths,2023-09-13,Elon Musk told biographer that Trump is 'the world champion of bullshit',"According to Walter Isaacson's biography, Musk approached Trump's election with cautious optimism that later vanished in the face of ""buffoonery.""","Tesla CEO Elon MuskChesnot/Getty Images
<ul>
<li>Elon Musk told his biographer that he's ""not Trump's fan.""</li>
<li>Musk, according to Walter Isaacson's new book, also called the former president ""… [+1974 chars]"
Al Jazeera English,Al Jazeera,2023-09-14,Taiwan claps back at Elon Musk after China comments,Taiwanese Foreign Minister Joseph Wu says Taiwan is 'not for sale' after Musk discusses Beijing's stance on the island.,"Taiwan has clapped back at Elon Musk after the billionaire businessman waded into the delicate issue of the islands relations with China.
Taiwanese Foreign Minister Joseph Wu said that Taiwan was no… [+2157 chars]"
Fortune,Orianna Rosa Royle,2023-09-14,Frontier Airlines CEO thinks workers got “lazy” during the pandemic,"It isn’t just Tesla founder Elon Musk that thinks workers (or more specifically, remote workers) are “lazy”, Frontier Airlines chief executive, Barry Biffle, recently weighed in on the debate.","It isnt just Tesla founder Elon Musk that thinks workers (or more specifically, remote workers) are lazyFrontier Airlines chief executive, Barry Biffle, recently weighed in on the debate.We got lazy … [+3937 chars]"
The Times of India,Pankaj Doval,2023-09-14,"Tesla may source $1.9bn parts this year, nearly 2x of 2022: Goyal","Even before it forays into India with its electric cars, American electric vehicle giant Tesla has begun heavy component sourcing from the country. It is expected to ship parts worth $1.7-1.9 billion this year from India. Commerce and industry minister Piyush…","FD Calculator
When investing in a fixed deposit, the amount you deposit earns interest as per the prevailing...
Calculate Now"
Fortune,Steve Mollman,2023-09-14,"Elon Musk is a ‘drama addict’ who ‘doesn’t like to coast,’ says biographer—and it’s a big reason he bought Twitter","Tesla CEO Elon Musk would rather keep taking risks than savor things, says biographer Walter Isaacson.","Elon Musk isnt one to sit on his laurels. The billionaire Tesla CEO and worlds richest person could have retired long ago, but instead hes leading six companies and shaking up industries along the wa… [+3896 chars]"
The Verge,Umar Shakir,2023-09-14,Tesla’s new car-building process could be a huge industrial breakthrough,"Tesla is reportedly close to building a new gigacasting die-cast process to build its possibly Cybertruck-like $25,000 car using techniques new to the automaking industry.","Teslas new car-building process could be a huge industrial breakthrough
Teslas new car-building process could be a huge industrial breakthrough
 / Tesla is close to implementing a new die-cast proc… [+4204 chars]"
Engadget,Steve Dent,2023-09-14,Tesla gets $160 million in EU funding to expand its Supercharger network in 22 countries,"The European Union (EU) is providing €352 million ($378 million) in funding to support green transport infrastructure, and Tesla will get a large chunk of that money. The company's Polish and Italian divisions will receive a total of €148.72 million ($159.64 …","The European Union (EU) is providing 352 million ($378 million) in funding to support green transport infrastructure, and Tesla will get a large chunk of that money. The company's Polish and Italian … [+2386 chars]"
Wired,Alex Goy,2023-09-14,"Hyundai Kona Electric 2024 Review: Price, Specs, Release Date","The affordable Kona EV got a massive makeover with speedy charging, a delightfully futuristic design, and plenty of luxury touches.","Hyundais first-generation Kona Electric was something of a darling. It was efficient, looked good, and made electric motoring a little more accessible for those without Tesla money to play with. Now … [+3287 chars]"
NBC News,"Lee Ying Shan, CNBC",2023-09-14,"Taiwan slams Elon Musk, says it’s ‘not for sale’ nor part of China","Taiwan is “not for sale,” and neither is it part of China, said Taiwan’s Ministry of Foreign Affairs, in a rebuke to Elon Musk who called the island “an integral part of China.”","Taiwan is not for sale, and neither is it part of China, said Taiwans Ministry of Foreign Affairs, in a rebuke to Elon Musk who called the island an integral part of China.
Listen up, Taiwan is not … [+2095 chars]"
Newsweek,Ryan Smith,2023-09-14,Elon Musk Weighs in on Bill Maher's Return to Air Without Writers,"The comedian and host has announced his decision to bring his HBO show ""Real Time With Bill Maher"" back to screens, despite the ongoing writers' strike.","Elon Musk has shared his thoughts on Bill Maher's announcement that his HBO show, Real Time With Bill Maher, will be returning to screens without writers amid the ongoing strike in Hollywood.
Maher … [+4880 chars]"
Newsweek,Max Abrahms,2023-09-14,They're Calling Elon Musk a Traitor for Believing What Biden Did Just a Few Months Ago | Opinion,What happened to Elon Musk this past week showcases how completely unhinged and dangerous U.S. policy to Ukraine has become.,What happened to Elon Musk this past week showcases how completely unhinged and dangerous U.S. policy to Ukraine has become. The condemnation began when the Washington Post published excerpts from a … [+6207 chars]
Business Insider,George Glover,2023-09-14,Billionaire investor Ron Baron says Elon Musk's Tesla could hit a $4 trillion valuation - and reveals a $1 billion SpaceX stake,"Tesla's market cap could grow between four- and fivefold by the end of the decade, the billionaire investor said Tuesday.","Ron Baron and Elon Musk.Associated Press via Business Wire
<ul>
<li>Tesla's valuation could grow between four- and fivefold between now and 2030, according to Ron Baron.</li>
<li>""In the funds that … [+2210 chars]"
News24,Compiled by Ahmed Areff,2023-09-15,"News24 Business | Musk's dad, the emerald mine and 'the blacks' - truth revealed in new biography","A new biography of Elon Musk, the controversial SA-born billionaire, has confirmed the existence of emerald mines in Zambia tied to his father.","<ul><li>A new biography of Elon Musk has confirmed the existence of emerald mines in Zambia tied to his father.</li><li>Musk has previously vehemently denied the existence of the mines, and offered a… [+3316 chars]"
NBC News,Courtney Kube,2023-09-15,"Warren, Shaheen and Duckworth want to know if Musk limited Ukraine's Starlink access at a crucial point in war with Russia","Sens. Warren, Shaheen and Duckworth are asking the U.S. military if Elon Musk limited Ukraine’s access to Starlink at a crucial point in the war with Russia.",Three Democratic members of the Senate Armed Services Committee are asking Defense Secretary Lloyd Austin for answers about whether Elon Musk or other commercial satellite providers disabled or restr… [+4814 chars]
Business Insider,"Lloyd Lee,Erin Snodgrass",2023-09-15,Google co-founder Sergey Brin quietly divorced his wife this year after allegations that she had an affair with Elon Musk,A judge rejected Brin's attempt to seal the case over concerns about his high-profile stature.,"Musk denied having an affair with Shanahan, Brin's wife.Chip Somodevilla/Getty Images, Tim Mosenfelder/Getty Images
<ul>
<li>Sergey Brin filed for a divorce from his second wife, Nicole Shanahan, in… [+3237 chars]"
Business Insider,Tim Levin,2023-09-15,"I compared Tesla rivals from Kia, Hyundai, and Genesis — and found the decision boils down to if you prefer style, luxury, or performance",Hyundai is making some of the best electric cars out there -- and has one of the best Tesla alternatives I've come across yet.,"The Kia EV6 GT, Genesis GV60, and Hyundai Ioniq 5 are three cool electric SUVs.Tim Levin/Insider
<ul>
<li>Hyundai and its Kia and Genesis brands are making some of the best electric cars today. </li… [+6364 chars]"
Mashable,Former Employees,2023-09-15,Elon Musk Headed For A Settlement In Lawsuit By Former Employees Accusing Twitter Of Cheating On Severance Pay,Elon Musk Headed For A Settlement In Lawsuit By Former Employees Accusing Twitter Of Cheating On Severance Paymashable.com,"Elon Musk is finally coming to terms with the lawsuit filed by thousands of former Twitter employees who alleged the firm cheated them out of severance. Formerly known as Twitter, X Corp. has now agr… [+2226 chars]"
ABC News (AU),Norman Hermant,2023-09-15,I rented a Tesla for a month. It was a giant pain in the a***,"A major car rental company was renting Teslas out for about one-third the cost of a petrol car. We figured, how different could it be?","My wife and I decided to rent a Tesla on a visit to Canada last month. A major car rental company was renting them for about one-third the cost of a petrol car. We figured, how different could it be?… [+4892 chars]"
Breitbart News,"Lucas Nolan, Lucas Nolan",2023-09-17,Google Co-Founder Sergey Brin Finalizes Divorce amid Allegations Wife Had Affair with Elon Musk,"Sergey Brin, the co-founder of tech giant Google, has finalized his divorce from second wife Nicole Shanahan, amidst swirling rumors of an affair between Shanahan and Tesla CEO Elon Musk.","Sergey Brin, the co-founder of tech giant Google, has finalized his divorce from second wife Nicole Shanahan, amidst swirling rumors of an affair between Shanahan and Tesla CEO Elon Musk.
Business I… [+2009 chars]"
Fortune,Erin Prater,2023-09-17,Does Elon Musk have PTSD? Biographer Walter Isaacson says the billionaire's turbulent childhood with an abusive father left him scarred,"Was Isaacson misappropriating the term, as mental health experts say commonly occurs? Or is Elon’s mental state, perhaps, even more nuanced than he alludes to?","Elon Musk has post-traumatic stress disorder from a turbulent childhood that included time in apartheid South Africa and verbal abuse from his father, famed author Walter Isaacson claims in his new b… [+7184 chars]"
Business Insider,Theron Mohamed,2023-09-17,"Legendary investor Jeremy Grantham rang the alarm on stocks and recession, warned about the housing market, and hailed Elon Musk's Tesla. Here are his 10 best quotes from a recent event.","Jeremy Grantham warned the AI craze won't stop the bubble in stocks from bursting, and pegged the odds of a recession by early 2025 at 70%.","Jeremy Grantham.Nicholas Roberts/Reuters
<ul>
<li>Jeremy Grantham issued grim warnings about the US stock market and economy this week.</li>
<li>Stocks will slump despite AI buzz, and there's a 70% … [+3624 chars]"
Next Big Future,Brian Wang,2023-09-17,"Pepsi Tesla Semi Proves Real World 80,000 lbs Maxmium Gross Weight Operation With Long Range on a Charge","There has been official reporting that Tesla Semi is able drive over 420 miles on one charge with 80,000 pounds of total load (including the weight of the truck and trailer). This was a heavily disputed capability. The range was with driving speeds of 65 mph …","There has been official reporting that Tesla Semi is able drive over 420 miles on one charge with 80,000 pounds of total load (including the weight of the truck and trailer). This was a heavily dispu… [+2748 chars]"
Fortune,Nicholas Gordon,2023-09-18,"Workers shouldn't accept lower wages so ‘greedy people like Elon Musk can build more rocket ships,' says UAW president Shawn Fain",UAW president Shawn Fain was defending the union's demands as automakers worry of an even larger cost disadvantage to EV maker Tesla.,"The president of the auto workers union had harsh words for Elon Musk, the Tesla CEO and longtime nemesis of organized labor.Workers in companies like Tesla are scraping to get by so that greedy CEOs… [+4474 chars]"
Business Insider,Theron Mohamed,2023-09-18,"Elon Musk blasted short-sellers as bloodsuckers. Bill Gates, 'Big Short' star Michael Burry, and other top investors have bet against Tesla.","Elon Musk hates people who bet against Tesla. Bill Gates, Michael Burry, Jim Chanos, and David Einhorn have all taken short positions in recent years.","Elon Musk.REUTERS/Rebecca Cook
<ul>
<li>Elon Musk blasted short-sellers as ""leeches"" and bemoaned their access to inside information.</li>
<li>Bill Gates, Michael Burry, David Einhorn, and Jim Chano… [+3180 chars]"
The Times of India,Reuters,2023-09-18,"Tesla, Saudi Arabia in early talks for electric vehicle factory: Report","The report comes just hours after Turkish President Tayyip Erdogan asked Tesla CEO Elon Musk to build a vehicle factory in Turkey, according to the country's communications directorate. Musk is also set to meet Israeli Prime Minister Benjamin Netanyahu in Cal…","Saudi Arabia is in early talks with U.S. electric automaker Tesla to set up a manufacturing facility in the kingdom, the Wall Street Journal reported on Monday, citing sources familiar with the matte… [+1593 chars]"
Business Insider,tcarter@insider.com (Tom Carter),2023-09-18,"Elon Musk shared some painfully awkward small talk with Turkey's president, with Erdogan asking the unmarried billionaire how his wife is",The Tesla CEO shared an awkward moment with Recep Tayyip Erdogan as he brought his son X to a meeting to discuss Tesla and Starlink.,"Elon Musk shared an awkward moment with Recep Tayyip Erdogan as he brought his son X to a meeting with the Turkish president.
""Where is your wife?"" asked Erdogan, as the two men exchanged small talk… [+1588 chars]"
The Times of India,AFP,2023-09-18,Turkish President Recep Tayyip Erdogan lobbies Elon Musk for new Tesla factory,"Turkish President Recep Tayyip Erdogan has urged Elon Musk to open a Tesla factory in Turkey. Erdogan and Musk have developed a friendship, with Erdogan's office stating that Turkey is one of the most important candidates for a new Tesla factory. This follows…","Turkish President Recep Tayyip Erdogan urged tech tycoon Elon Musk to open his next Tesla factory in Turkey, becoming the latest leader to lobby one of the world's richest men.Erdogan and Musk have h… [+2555 chars]"
Fortune,Christiaan Hetzner,2023-09-18,UAW boss says Big 3 can give their fair share after earning a quarter of a trillion in profits over past decade,"UAW boss Shawn Fain says after securing a deal with General Motors, Ford and Stellantis, Tesla will be next.","Union leader Shawn Fain has a message for Elon Musk: after the United Auto Workers (UAW) secure a historic pay hike for staff at Detroits Big 3, hes coming for Tesla next.Before workers had downed th… [+2546 chars]"
Fortune,"Selcan Hacaoglu, Bloomberg",2023-09-18,"Musk took his son to meet Turkish President Erdogan, who asked him to build a Tesla plant in Turkey","Erdogan has been encouraging development of a self-sufficient defense industry, including production of unmanned combat aircraft, to support Turkey’s military in a region mired in conflict.","Elon Musk visited Turkish President Recep Tayyip Erdogan in New York, spending about a 45 minutes discussing artificial intelligence and a potential Tesla factory.According to Erdogans office, he inv… [+1644 chars]"
Breitbart News,"Simon Kent, Simon Kent",2023-09-18,Erdogan in NYC Urges Elon Musk to Build a Tesla Factory in Turkey,Turkish President Recep Tayyip Erdogan used a break in New York City on Sunday to urge tech giant Elon Musk to open his next Tesla factory in Turkey.,"Turkish President Recep Tayyip Erdogan used a break in New York City on Sunday to urge tech giant Elon Musk to open his next Tesla factory in Turkey.
Erdogan’s entreaty makes him just the latest in … [+1703 chars]"
Al Jazeera English,Al Jazeera,2023-09-18,"Turkey’s Erdogan asks Musk to build Tesla factory, state-owned media says","Turkish president made request while in the US for United Nations General Assembly, Turkish news agency says.","Turkish President Recep Tayyip Erdogan has asked Tesla CEO Elon Musk to build a Tesla factory in Turkey, according to the state-owned Anadolu Agency.
Erdogan asked Musk during a meeting at Turkish H… [+1395 chars]"
Politico,By James Bikales,2023-09-18,What the UAW strike means for the Musk-Biden tug of war,Tesla’s continued dominance on electric cars would undermine Biden’s hopes of basing the next generation of cars and trucks on unionized labor.,"Musk has already won a number of early skirmishes with the administration, including by getting several other big automakers to adopt Teslas charging technology as a de-facto industry standard.
Tesl… [+7375 chars]"
Business Insider,Nora Naughton,2023-09-18,Ford and GM workers already make $20 more an hour than Tesla employees. Their union's demands would double that gap.,"Tesla is the real reason Ford, GM, and Stellantis execs don't want to meet the UAW union's strike demands.","UAW President Shawn Fain marches with UAW members through downtown Detroit on September 15, 2023.Bill Pugliano/Getty
<ul><li>Detroit executives have Tesla in mind as they reject the UAW's big demand… [+3163 chars]"
ABC News,The Associated Press,2023-09-18,Netanyahu visits Elon Musk in California with plans to talk about artificial intelligence,Prime Minister Benjamin Netanyahu is starting a U.S. trip in California to talk about technology and artificial intelligence with billionaire businessman Elon Musk,"SAN JOSE, Calif. -- Prime Minister Benjamin Netanyahu is starting a U.S. trip in California to talk about technology and artificial intelligence with billionaire businessman Elon Musk.
The Israeli l… [+2567 chars]"
New York Magazine,Intelligencer Staff,2023-09-18,Walter Isaacson on Almost All the Criticism of His Elon Musk Book,"In the latest episode of “On With Kara Swisher”, Kara grills author Walter Isaacson on his new biography, and tries to get him to admit whether he actually likes Elon Musk or not, after spending two years following the guy around.","Kara Swisher couldnt wait to interview and cross-examine her longtime friend, Walter Isaacson, about his new biography of Elon Musk, but she did wait to do so until after the reviews, and fact checks… [+70934 chars]"
ABC News,The Associated Press,2023-09-18,Turkey's President Erdogan and Elon Musk discuss establishing a Tesla car factory in Turkey,"Turkish President Recep Tayyip Erdogan has called on Elon Musk, the head of electric carmaker Tesla, to establish a factory in Turkey","ISTANBUL -- Turkish President Recep Tayyip Erdogan called on Elon Musk, the head of electric carmaker Tesla, to establish a factory in Turkey during a meeting in New York, Erdogans office said Monday… [+792 chars]"
Associated Press,AP,2023-09-18,Netanyahu talks to Elon Musk in California about antisemitism on X and artificial intelligence,Israeli Prime Minister Benjamin Netanyahu kicked off a U.S. trip in California to talk to billionaire businessman Elon Musk about antisemitism on his social media platform X — while Musk asked him to address his judicial overhaul in Israel. The…,"SAN JOSE, Calif. (AP) Israeli Prime Minister Benjamin Netanyahu kicked off a U.S. trip in California to talk to billionaire businessman Elon Musk about antisemitism on his social media platform X whi… [+5749 chars]"
Business Insider,Nora Naughton,2023-09-18,Ford and GM workers already make $20 more an hour than Tesla employees. Their union's demands would double that gap.,"Tesla is the real reason Ford, GM, and Stellantis execs don't want to meet the UAW union's strike demands.","UAW President Shawn Fain marches with UAW members through downtown Detroit on September 15, 2023.Bill Pugliano/Getty
<ul><li>Detroit executives have Tesla in mind as they reject the UAW's big demand… [+3163 chars]"
Next Big Future,Brian Wang,2023-09-18,Pepsi Tesla Semi Truck Drives 1600 Miles Over Two Days in Real World Tests,One of Tesla Semi trucks drove 1600 miles over two days. This required two different drivers on each day. Truck drivers in the US are limited to 10 hours of driving without a long break. Semi trucks need to operate long distances day after day. Tesla Semi out…,Brian Wang is a Futurist Thought Leader and a popular Science blogger with 1 million readers per month. His blog Nextbigfuture.com is ranked #1 Science News Blog. It covers many disruptive technology… [+593 chars]
ABC News,The Associated Press,2023-09-18,Netanyahu visits Elon Musk in California with plans to talk about artificial intelligence,Prime Minister Benjamin Netanyahu is starting a U.S. trip in California to talk about technology and artificial intelligence with billionaire businessman Elon Musk,"SAN JOSE, Calif. -- Prime Minister Benjamin Netanyahu is starting a U.S. trip in California to talk about technology and artificial intelligence with billionaire businessman Elon Musk.
The Israeli l… [+2567 chars]"
NBC News,"Lora Kolodny, CNBC",2023-09-18,"Elon Musk says Twitter, now X, is moving to small monthly subscription","Elon Musk discussed his plans for Twitter, now called X, on Monday during a livestreamed conversation with Israeli Prime Minister Benjamin Netanyahu.","Elon Musk discussed his plans for Twitter, now called X, on Monday during a livestreamed conversation with Israeli Prime Minister Benjamin Netanyahu. Among other things, Musk said the social network … [+4171 chars]"
BBC News,https://www.facebook.com/bbcnews,2023-09-19,Elon Musk: Social media platform X could go behind paywall,"The billionaire suggested the social media platform, now called X, could charge for use of ""the system"".","Elon Musk has suggested that all users of X, formerly called Twitter, may have to pay for access to the platform.
In a conversation with Israeli Prime Minister Benjamin Netanyahu, the billionaire sa… [+2738 chars]"
The Irish Times,Dan Milmo,2023-09-19,"Elon Musk says X, formerly Twitter, moving to charging ‘small monthly payment’ for site","World’s richest person, who has history of making impromptu statements, says paywall for platform would ward off automated accounts","X, formerly Twitter, owner Elon Musk has said he's looking at introducing a monthly payment for all users of the site to combat bots. Elon Musk has indicated that X, formerly known as Twitter, is con… [+2353 chars]"
TechCrunch,Amanda Silberling,2023-09-19,"Elon Musk’s Twitter (now X): Everything you need to know, from layoffs to verification","Welcome to Elon Musk’s Twitter (now X), where the rules are made up and the check marks don’t matter. The Tesla and SpaceX CEO first announced his bid to buy Twitter in April 2022, zealously driven to rid the platform of spam bots and protect free speech. “Th…","Welcome to Elon Musks Twitter (now X), where the rules are made up and the check marks dont matter.
The Tesla and SpaceX CEO first announced his bid to buy Twitter in April 2022, zealously driven to… [+55937 chars]"
The Times of India,ET Online,2023-09-19,"Awkward exchange: Elon Musk meets Erodgan with son X Æ A-Xii in tow, Turkish president asks 'where’s your wife?'","During a meeting with Turkish President Recep Tayyip Erdogan, Elon Musk was asked about his wife's whereabouts to which he responded that they were separated and he takes care of their child mostly.","Elon Musk, the CEO of Tesla and SpaceX, found himself in an unexpected and somewhat awkward situation during a recent meeting with Turkish President Recep Tayyip Erdogan. The awkward exchange occurre… [+2750 chars]"
Breitbart News,"Lucas Nolan, Lucas Nolan",2023-09-19,Pay Up or Go: Elon Musk Hints at 'Small Monthly Payment' to Access Twitter/X,"In a recent livestream with Israeli Prime Minister Benjamin Netanyahu, Elon Musk discussed plans to introduce a monthly subscription fee for all users of X, formerly known as Twitter, as part of a strategy to combat the platform's ""vast armies of bots.""","In a recent livestream with Israeli Prime Minister Benjamin Netanyahu, Elon Musk discussed plans to introduce a monthly subscription fee for all users of X, formerly known as Twitter, as part of a st… [+2256 chars]"
Fox News,Hanna Panreck,2023-09-19,Larry David accused stunned Elon Musk at a wedding of supporting child murder: Book,"Comedian Larry David confronted billionaire Elon Musk at a wedding over the X owner's support for the GOP, according to a new book.","According to a new book, liberal comedian Larry David confronted billionaire Elon Musk at wedding they both attended over his support for the Republican Party, equating it with supporting child murde… [+3882 chars]"
Fortune,Paolo Confino,2023-09-19,"AI's existential threat is a ‘completely bonkers distraction’ because there are 'like 101 more practical issues' to talk about, top founder in the field says","Suleyman, one of the world’s leading AI experts believes talk of “existential risk stuff” from the likes of Elon Musk distracts from the pressing need for AI regulation.","Elon Musk has repeatedly referred to AI as a civilizational risk. Geoffrey Hinton, one of the founding fathers of AI research, changed his tune recently, calling AI an existential threat. And then th… [+5591 chars]"
News24,news24,2023-09-19,News24 | Israeli PM Netanyahu urges Musk to curb anti-Semitism on X platform,Israel's Prime Minister Benjamin Netanyahu on Monday urged Elon Musk to fight anti-Semitism on his X platform as he sat down with the tech tycoon to discuss artificial intelligence.,<ul><li>The conversation between Benjamin Netanyahu and Elon Musk was broadcast on the X platform.</li><li>Musk has threatened to sue a US based Jewish organisation for making accusations of anti-Sem… [+2802 chars]
TechCrunch,Rebecca Bellan,2023-09-19,DOJ investigates Elon Musk perks at Tesla | TechCrunch,The U.S. Department of Justice is investigating the personal benefits that Tesla may have provided its CEO Elon Musk since 2017 as part of a criminal,The U.S. Department of Justice is investigating the personal benefits that Tesla may have provided its CEO Elon Musk since 2017 as part of a criminal probe that is also looking into the use of compan… [+2094 chars]
The Jerusalem Post,By ZVIKA KLEIN,2023-09-19,WZO leaders clash over Netanyahu-Musk meeting,Discussions in the WZO about Prime Minister Benjamin Netanyahu's meeting with Elon Musk started Monday and continued Tuesday.,"The Monday conversation between Israeli Prime Minister Benjamin Netanyahu and Tesla CEO Elon Musk, aimed at addressing concerns about antisemitism, has ignited a lively debate among senior officials … [+3827 chars]"
Business Insider,Tim Levin,2023-09-20,A Tesla sedan drag raced a $4 million Bugatti — the results were surprisingly close,"The $110,000 Tesla Model S Plaid did surprisingly well against the multimillion-dollar Bugatti supercar.","Both the Tesla and the Bugatti offer massive amounts of horsepower and speed — but one is gas-powered and one is electric. Bugatti, Tesla
<ul><li>A Tesla Model S drag raced a Bugatti Chiron. </li><l… [+2290 chars]"
Business Insider,Tim Levin,2023-09-20,Tesla is giving away a free car to owners who get their friends to buy a Tesla,Tesla owners who get a friend to buy a Tesla before the end of the month could win a free Model 3.,"The Tesla Model 3.Xing Yun/Getty Images
<ul><li>Tesla is dangling the prospect of a free Model 3 in front of its loyal fans. </li><li>Tesla owners who get a friend to buy a Tesla before the end of t… [+1753 chars]"
Business Insider,Beatrice Nolan,2023-09-20,"Elon Musk's suggested X paywall is too risky to succeed, experts say: 'It will only speed up the deterioration of a platform in chaos.'","Elon Musk has proposed a paywall for X, formerly Twitter, and experts are skeptical about the suggested business model.","Elon Musk said a paywall for X could help combat bots on the platform.Chesnot/Getty Images
<ul><li>Elon Musk has proposed a paywall for X, but some experts are skeptical.</li><li>The billionaire sai… [+2774 chars]"
Business Insider,"htenore@insider.com (Haley Tenore,Grace Kay)",2023-09-20,"Elon Musk told Tucker Carlson he 'voted for Biden.' Turns out, he apparently didn't vote at all.","Elon Musk said multiple times he ""voted for Biden"" in 2020, but a new book says he didn't vote in the general election, thinking it a waste of time.","Elon Musk has seemingly changed his tune about how he voted in the 2020 US presidential election.
Rather, he apparently didn't vote in the general election telling biographer Walter Isaacson that he… [+4177 chars]"
Business Insider,Hasan Chowdhury,2023-09-20,Elon Musk denied a report that Tesla planned to build a factory in Saudi Arabia. It's the latest development in his complicated history with the nation.,Tesla CEO Elon Musk has a thorny and sometimes adversarial relationship with the Saudi government. Here's what we know.,"Elon Musk has a longstanding feud with Saudi Arabia. Chesnot/Getty Images
<ul><li>Elon Musk has denied a report suggesting Tesla has plans to set up a factory in Saudi Arabia.</li><li>The Wall Stree… [+6664 chars]"
Business Insider,Haley Tenore,2023-09-20,Elon Musk crashed Grimes' voice-recording session for 'Cyberpunk 2077' with a 200-year-old musket and 'insisted' on a cameo,"Elon Musk visited Grimes while she was recording lines for ""Cyberpunk 2077"" and brought a 200-year old gun. Musk apparently ""insisted"" on a cameo.","Walter Isaacson's new biography on Elon Musk reveals a time when he entered Grimes's recording session for Cyberpunk 2077 with a gun because he wanted a cameo in the game.Theo Wargo/Getty Images
<ul… [+3205 chars]"
Business Insider,"htenore@insider.com (Haley Tenore,Grace Kay)",2023-09-20,"Elon Musk told Tucker Carlson he 'voted for Biden.' Turns out, he apparently didn't vote at all.","Elon Musk said multiple times he ""voted for Biden"" in 2020, but a new book says he didn't vote in the general election, thinking it a waste of time.","Elon Musk has seemingly changed his tune about how he voted in the 2020 US presidential election.
Rather, he apparently didn't vote in the general election telling biographer Walter Isaacson that he… [+4177 chars]"
Mashable,James Paul,2023-09-20,Elon Musk Suggests Twitter Might Go Behind Paywall; Might Charge Regular Users A Small Fee,Elon Musk Suggests Twitter Might Go Behind Paywall; Might Charge Regular Users A Small Feemashable.com,The metamorphosis of Twitter into X comes at a greater cost amid mounting expenses to run the microblogging platform. It seems like ad revenues and premium subscriptions are not enough to sustain the… [+2418 chars]
The Washington Post,Will Oremus,2023-09-20,Eight interesting details from Walter Isaacson’s Elon Musk biography,Did Musk’s dad own an emerald mine? Does Musk believe his own wild promises? And how smart is he really?,"Comment on this story
Comment
Walter Isaacsons new biography of Elon Musk has made headlines for its now-disputed account of how Musk supposedly scuttled a Ukrainian drone attack by pulling the plu… [+7642 chars]"
Business Insider,Tim Levin,2023-09-20,Tesla is giving away a free car to owners who get their friends to buy a Tesla,Tesla owners who get a friend to buy a Tesla before the end of the month could win a free Model 3.,"The Tesla Model 3.Xing Yun/Getty Images
<ul><li>Tesla is dangling the prospect of a free Model 3 in front of its loyal fans. </li><li>Tesla owners who get a friend to buy a Tesla before the end of t… [+1753 chars]"
Newsweek,Sophie Lloyd,2023-09-21,Kathy Griffin Explains Elon Musk Feud—'He Got Very Upset With Me',"The comedian said the SpaceX founder kicked her off Twitter ""personally"" due to the stunt.","Kathy Griffin has revealed the reason for her feud with Elon Musk, after the tech mogul kicked the comedian off Twitter last year.
Appearing on the podcast Onward with Rosie O'Donnell, the 62-year-o… [+3905 chars]"
Business Insider,Lloyd Lee,2023-09-21,"Elon Musk's claim that no monkey died as a result of Neuralink implants contradicts records that show how the animals experienced brain swelling, paralysis, seizures, and other health effects, letter to SEC alleges","A nonprofit alleges that research records of Neuralink's experiment on at least a dozen monkeys contradict Elon Musk's claims that ""no monkey has died as a result"" of the chip.","Elon Musk in June 2023 at the Viva Tech conference.Chesnot/Getty Images
<ul><li>Elon Musk's Neuralink used monkeys to test its brain chip that can connect to a device.</li><li>Musk said on X, former… [+4901 chars]"
Breitbart News,"Alana Mastrangelo, Alana Mastrangelo",2023-09-21,Green Inferno: Tesla Model 3 Engulfed in Flames After Hitting Debris on New Jersey Road,"A 2022 Tesla Model 3 reportedly caught fire and was completely destroyed in Newark, New Jersey, last week after the electric vehicle struck debris on the road.","A 2022 Tesla Model 3 reportedly caught fire and was completely destroyed in Newark, New Jersey, last week after the electric vehicle struck debris on the road.
The electric vehicle started issuing w… [+2445 chars]"
Business Insider,Lloyd Lee,2023-09-21,"Elon Musk's claim that no monkey died as a result of Neuralink implants contradicts records that show how the animals experienced brain swelling, paralysis, seizures, and other health effects, letter to SEC alleges","A nonprofit alleges that research records of Neuralink's experiment on at least a dozen monkeys contradict Elon Musk's claims that ""no monkey has died as a result"" of the chip.","Elon Musk in June 2023 at the Viva Tech conference.Chesnot/Getty Images
<ul><li>Elon Musk's Neuralink used monkeys to test its brain chip that can connect to a device.</li><li>Musk said on X, former… [+4901 chars]"
Ars Technica,Jonathan M. Gitlin,2023-09-21,"Jaguar jettisions CCS charger plug, negotiates Tesla Supercharger access",Jaguars will sport native North American Charging Standard plugs from 2025.,"Enlarge/ Jaguar is the latest automaker to negotiate a switch from the Combined Charging Standard to the North American Charging Standard.
10 with 
The North American Charging Standard has another … [+2913 chars]"
Business Insider,Tom Carter,2023-09-22,Elon Musk's X has added 'formerly Twitter' to its App Store description as users continue to struggle with its rebrand,"The app has changed its description on the app store from ""Blaze your glory"" to ""Formerly Twitter"", after the chaotic rebrand of the social media platform.","CEO of SpaceX and Tesla and owner of Twitter, Elon Musk.Chesnot via Getty Images
<ul><li>X changes its app store tagline after users complain about confusing new name and logo.</li><li>The social me… [+1969 chars]"
Business Insider,Tom Carter,2023-09-22,Elon Musk's X has added 'formerly Twitter' to its App Store description as users continue to struggle with its rebrand,"The app has changed its description on the app store from ""Blaze your glory"" to ""Formerly Twitter"", after the chaotic rebrand of the social media platform.","CEO of SpaceX and Tesla and owner of Twitter, Elon Musk.Chesnot via Getty Images
<ul><li>X changes its app store tagline after users complain about confusing new name and logo.</li><li>The social me… [+1969 chars]"
Engadget,Steve Dent,2023-09-22,Jaguar signs on to use Tesla's chargers too,"Jaguar is joining Mercedes, Polestar and other automakers in adopting Tesla's NACS chargers for vehicles sold in North America starting in 2025. The company signed an agreement with Tesla to gain access to its 12,000+ Superchargers for its ""current and future…","Jaguar is joining Mercedes, Polestar and other automakers in adopting Tesla's NACS chargers for vehicles sold in North America starting in 2025. The company signed an agreement with Tesla to gain acc… [+1804 chars]"
The Jerusalem Post,By MAAYAN JAFFE-HOFFMAN,2023-09-23,Elon Musk and social media’s profit-making mechanisms - comment,Forget the news; now it’s all about entertainment. And that’s how billionaire entrepreneur Elon Musk got into trouble over antisemitism.,"During a live-streamed conversation with Prime Minister Benjamin Netanyahu, Elon Musk bluntly admitted that amusement was now the primary driver for social networks.
The main goal of X, at least sin… [+6369 chars]"
Business Insider,Lakshmi Varanasi,2023-09-24,AOC says she's looking to trade in her Tesla for a union-made EV after clash with Elon Musk,AOC reiterated on Face the Nation on Sunday that she wants to trade in her Tesla for a union-made EV.,"Rep. Alexandria Ocasio-Cortez once again said she wants to trade in her Tesla for a union-made EV.Tom Williams/CQ Roll Call
<ul>
<li>AOC said on Face the Nation on Sunday that she wants to trade in … [+1651 chars]"
Business Insider,Grace Kay,2023-09-25,Elon Musk might be the internet's worst boyfriend. At least that's what it seems like in his new biography.,What's it like to date the richest man in the world? It's not all glitz and glamour. A new biography of Elon Musk paints a somewhat sobering picture.,"Elon Musk can be a difficult person to be in a relationship with, Walter Isaacson's new biography on the billionaire reveals.Nathan Howard/Getty Images, Kurt Krieger/Corbis via Getty Images, David M.… [+6758 chars]"
Engadget,Kris Holt,2023-09-25,Huawei and Chery Autos claim their first production EV bests the Tesla Model S,"Huawei
 is moving deeper into the electric vehicle business with the help of Chery Autos
 and now we know when the first production model from their joint venture will arrive. Luxeed is slated to debut its coupe-style S7 in China in late November, according…","Huawei
 is moving deeper into the electric vehicle business with the help of Chery Autos
 and now we know when the first production model from their joint venture will arrive. Luxeed is slated to d… [+1280 chars]"
Fortune,Nicholas Gordon,2023-09-25,AOC is 'looking into trading in' the Tesla she's had for years because of the UAW strike. It shows the Biden/EV dilemma,"Alexandria Ocasio-Cortez wants a union-made EV, but the UAW strike and the Biden EV push can't disguise the fact that those aren't plentiful.","Representative Alexandria Ocasio-Cortez (D-N.Y.) may be Elon Musks congressional nemesis, but it sounds like shes finally be done with her own yearslong attachment to a Tesla electric vehicle.The con… [+4633 chars]"
Business Insider,Tim Levin,2023-09-25,AOC says she'll trade in her Tesla for a union-made EV. Her options are slim.,There aren't many union-made electric cars on the market. And even fewer that we think AOC might like.,"Rep. Alexandria Ocasio-Cortez wants to trade in her Tesla because it isn't union-made. Jeff Bachner/New York Daily News/Tribune News Service via Getty Images, Tesla
<ul><li>Rep. Alexandria Ocasio-Co… [+3072 chars]"
Business Insider,Grace Kay,2023-09-25,Elon Musk might be the internet's worst boyfriend. At least that's what it seems like in his new biography.,What's it like to date the richest man in the world? It's not all glitz and glamour. A new biography of Elon Musk paints a somewhat sobering picture.,"Elon Musk can be a difficult person to be in a relationship with, Walter Isaacson's new biography on the billionaire reveals.Nathan Howard/Getty Images, Kurt Krieger/Corbis via Getty Images, David M.… [+6758 chars]"
Fortune,Christiaan Hetzner,2023-09-26,Elon Musk's Shanghai-built Tesla EVs targeted in EU probe into Chinese state subsidies to avoid 'a race to the bottom',Tesla's Chinese factory is one of the largest car plants in the world — and its most profitable.,"When historians look back on the electric vehicle industry, they may very well point to this past month as the turning point marking Chinas emergence as a global player in the auto industry. First it… [+4229 chars]"
Fox News,Lindsay Kornick,2023-09-26,"One year later, AOC continues to suggest that she will trade in her non-union made Tesla","Rep. Alexandria Ocasio-Cortez, D-N.Y., originally claimed she would trade in her Tesla back in May 2022 over her online feud with Elon Musk and his politics.","Rep. Alexandria Ocasio-Cortez, D-N.Y. has still not traded in her non-union made Tesla after suggesting over a year ago she would trade in the vehicle. 
On CBS ""Face the Nation"" Sunday, Ocasio-Corte… [+3668 chars]"
The Jerusalem Post,By ZVIKA KLEIN,2023-09-27,Elon Musk's showdown with Jewish leaders amidst X's antisemitism crisis,Musk has come under fire as antisemitism has spiked on X (formerly Twitter) since he acquired the company.,"Elon Musk, the world's wealthiest individual and the mind behind X (formerly Twitter) and Tesla, is set to engage in a pivotal discussion with prominent Jewish figures on Thursday, The Jerusalem Post… [+3347 chars]"
Business Insider,Jennifer Sor,2023-09-27,Tesla's stock price target gets cut by Deutsche Bank as the EV maker faces 'considerable downside risk' to 2024 earnings,"The bank trimmed its 2024 production outlook for Tesla to 2.1 million units next year, down from the consensus expectation of 2.3 million units.","BI
<ul>
<li>Deutsche Bank cut its 12-month Tesla's stock price target on Wednesday.</li>
<li>The bank's analysts warned that the EV maker faces headwinds to earnings growth in 2024. </li>
<li>The ba… [+2318 chars]"
Breitbart News,"Lucas Nolan, Lucas Nolan",2023-09-27,Elon Musk Considered Building a Tesla Factory in Dallas but Decided City Is 'Too Texas',"Elon Musk contemplated various cities including Dallas to be the site of a new Tesla factory before eventually settling on Austin. Musk reportedly deemed Dallas to be ""too Texas,"" according to Walter Isaacson’s new biography.","Elon Musk contemplated various cities including Dallas to be the site of a new Tesla factory before eventually settling on Austin. Musk reportedly deemed Dallas to be “too Texas,” according to Walter… [+2126 chars]"
Business Insider,Sawdah Bhaimiya,2023-09-27,"X owner Elon Musk largely runs the social media giant from his iPhone, employees say","X employees have learnt not to send Elon Musk attachments or documents or spreadsheets in an email, per a Financial Times report.","Elon Musk likes to be sent information in emails without attachments or spreadsheets in them.Stefani Reynolds/AFP/Getty Images
<ul><li>Elon Musk leads the social media giant X from his iPhone, emplo… [+2411 chars]"
The Times of India,Reuters,2023-09-27,Elon Musk-led Tesla's rivals scrap for thin slices of US EV sales,"Ford's decision to halt a planned $3.5 billion battery plant in Michigan highlights the challenge faced by Tesla's competitors in the US market. Most automakers are launching new electric vehicles (EVs) and investing in EV and battery plants, but few are sell…",Ford Motor's decision to hit the brakes on a planned $3.5 billion battery plant in Michigan highlights a challenge for Tesla's growing crowd of rivals in the U.S. market: Tesla is pushing most of the… [+2851 chars]
The Jerusalem Post,By RON KAMPEAS/JTA,2023-09-27,More than 120 Jewish activists call on advertisers and app stores to drop Twitter/X,“We have watched in horror as a new stage in antisemitic discourse has spread like wildfire on one of America’s largest social media networks.”,"More than 100 Jewish activists have signed a letter appealing to major advertisers to end their relationship with X, the platform previously known as Twitter that is owned by Elon Musk, calling it “a… [+2712 chars]"
The Irish Times,Neil Briscoe,2023-09-27,Are electric cars a bigger fire hazard?,"EV fires can be catastrophic, but they’re far less common than you’d think","The images were as dramatic as they were scary. A Tesla Model S, painted in the high-visibility shade of yellow we associate with crash testing, was remotely launched up, over, and off a large ramp, … [+10193 chars]"
News.com.au,Brielle Burns,2023-09-27,Queensland Tesla fire: Firefighters told not to put out blaze,"A Tesla battery has caught fire at a large-scale storage site in Queensland, with firefighters told not to put out the blaze.","A Tesla battery has caught fire at a large-scale storage site in Queensland, with firefighters told not to put out the blaze.
Emergency services were called to the power substation at Bouldercombe, … [+3197 chars]"
Newsweek,Shannon Power,2023-09-27,Elon Musk's COVID-19 Vaccine Comment Goes Viral,The X owner is no stranger to making controversial comments about the COVID-19 vaccines.,"A tweet by Elon Musk about the COVID-19 vaccine has gone viral, after he posted about ""disinformation.""
The Tesla CEO took to X, formerly Twitter, which he also owns, to share a montage of news head… [+2972 chars]"
Business Insider,Grace Kay,2023-09-27,We asked Elon Musk's dad what he thought about the new book out on his son. He had a lot to say.,Errol Musk is mentioned over 120 times in the new Elon Musk biography — often in a negative light.,"Errol Musk (left) said he doesn't plan to read the biography on his son, Elon Musk (right), that was written by Walter Isaacson (center).GIANLUIGI GUERCIA/AFP via Getty Images, SXSW/Chesnot/Getty Ima… [+6055 chars]"
CNN,Peter Valdes-Dapena,2023-09-28,Equal Employment Opportunity Commission sues Tesla alleging racism at California factory,"The United States government's Equal Employment Opportunity Commission sued Tesla Thursday alleging the automaker allowed repeated and overt displays of racism toward Black employees in its Fremont, California, factory.","The United States governments Equal Employment Opportunity Commission sued Tesla Thursday alleging the automaker allowed repeated and overt displays of racism toward Black employees in its Fremont, C… [+2400 chars]"
CBS News,Khristopher J. Brooks,2023-09-28,Tesla sued by EEOC for allegedly racist and hostile work environment,"Black workers were called ""boy"" and ""monkey,"" a U.S. Equal Employment Opportunity Commission lawsuit claims.","White employees at Tesla have hurled racist slurs at Black co-workers inside the automaker's factory in Fremont, California, for at least eight years and the company has refused to stamp out the beha… [+2384 chars]"
The Jerusalem Post,By ZVIKA KLEIN,2023-09-28,Musk gives 'tentative yes' to Auschwitz visit with the European Jewish Association,"The meeting was prompted by a series of controversial incidents involving Musk, earlier that month, he had threatened to sue the Anti-Defamation League (ADL) for billions of dollars.","Elon Musk, the world's wealthiest individual and the visionary behind X (formerly Twitter) and Tesla, has tentatively agreed to visit Auschwitz following a heartfelt request from European Jewish Asso… [+7676 chars]"
CBS News,Khristopher J. Brooks,2023-09-28,Tesla sued by EEOC for allegedly racist and hostile work environment,"Black workers were called ""boy"" and ""monkey,"" a U.S. Equal Employment Opportunity Commission lawsuit claims.","White employees at Tesla have hurled racist slurs at Black co-workers inside the automaker's factory in Fremont, California, for at least eight years and the company has refused to stamp out the beha… [+2586 chars]"
Reuters,Dan Levine,2023-09-28,Tesla trial over Autopilot fatality kicks off in California,"The lawyer representing victims of a fatal crash of a Tesla Model 3 car in his opening statement in court on Thursday blamed the company's Autopilot driver assistant system, saying that ""a car company should never sell consumers experimental vehicles.""","SAN FRANCISCO, Sept 28 (Reuters) - The lawyer representing victims of a fatal crash of a Tesla Model 3 car in his opening statement in court on Thursday blamed the company's Autopilot driver assistan… [+3434 chars]"
ABC News (AU),ABC News,2023-09-28,"Live: Australian markets to rise, as US regulator sues Tesla for 'racial harassment and retaliation'","The US version of Fair Work has launched a lawsuit against Elon Musk's Tesla, accusing the electric car and battery giant of ""widespread and ongoing racial harassment of its Black employees"". Read all about today's business news on our live blog.","Good morning!
Emilia here with your final live markets blog for the week. If you're in Victoria, happy public holiday if you're getting it off.
We've got some big international news this morning, w… [+714 chars]"
The Washington Post,Trisha Thadani,2023-09-28,Tesla to face jury in first of several cases over Autopilot crashes,The trial over a fatal crash is the first in a string of cases involving Autopilot that will be litigated around the country in the coming months.,"Comment on this story
Comment
An earlier version of this article misidentified Lindsay Molander as the wife of Micah Lee, who died while allegedly using Autopilot features in his Tesla. Molander wa… [+9432 chars]"
Business Insider,Sarah Jackson,2023-09-28,Elon Musk's biographer says X CEO's rocky interview was 'not a pretty sight' but she's 'the right person' for the job,"Musk's biographer, Walter Isaacson, said it'll be ""interesting"" to see X under Linda Yaccarino's leadership and described her as ""an impulsive hire.""","X CEO Linda Yaccarino still has the support of Elon Musk's biographer, who says she's ""the right person"" for the job, though he admits her Code Conference interview was ""not a pretty sight.""Isaac Bre… [+4966 chars]"
ABC News,"Brittany Gaddy, Deena Zaru",2023-09-28,"EEOC sues Tesla, alleging race discrimination and retaliation against Black employees","Tesla, the electric car company, is facing accusations of racial harassment and discrimination against Black employees outlined in a federal lawsuit filed by the EEOC.","The U.S. Equal Employment Opportunity Commission filed a federal lawsuit Thursday against Tesla, alleging the company engaged in racial harassment and discrimination.
The complaint, which was filed … [+2944 chars]"
Fortune,Christiaan Hetzner,2023-09-29,"Musk takes time out from running his X, Tesla and SpaceX empire to livestream about illegal immigration from U.S. border",A Tesla bull questioned the logic behind Musk traveling to Eagle Pass at a time when Joe Biden is in Detroit alongside picketing UAW auto workers.,"Elon Musk, renowned for his ambitions in advancing sustainable energy, robotics, and space exploration, has turned his attention to a pressing issue closer to home: illegal immigration.Despite his de… [+3495 chars]"
The Times of India,ET Online,2023-09-29,Elon Musk livestreams from US-Mexico border to give people firsthand account of migrant crisis,Billionaire Elon Musk visited the Texas border with Mexico to witness the migrant crisis firsthand. He live-streamed his tour on his platform and expressed his support for an expanded legal immigration system while also advocating for stopping the flow of ill…,"Amidst the ongoing migrant crisis in the US, billionaire Elon Musk visited the Texas border with Mexico and live-streamed his tour of the area to give people a sense of the real situation of the migr… [+2852 chars]"
Business Insider,ktan@insider.com (Kwan Wei Kevin Tan),2023-09-29,"A cowboy-hat-donning, aviator-shades-wearing Elon Musk hiked down south to Texas to try to make a point about migration","Musk's also claimed on X on Wednesday that the US needs a border wall to keep migrants who don't have ""some shred of evidence to claim asylum"" out.","Elon Musk on Thursday put on a cowboy hat and headed to Texas in what appeared to be an attempt to make a point about migration across the Southern border.
""Elon here. I'm at Eagle Pass. Just arrive… [+3070 chars]"
Reuters,Aditya Soni,2023-09-29,"Tesla's deliveries expected to fall on plant shutdowns, soft demand","Tesla may miss estimates for third-quarter deliveries due to planned factory shutdowns and soft demand that led the automaker to boost discounts, several Wall Street analysts warned in the run-up to the report that could come as early as Sunday.","Sept 29 (Reuters) - Tesla may miss estimates for third-quarter deliveries due to planned factory shutdowns and soft demand that led the automaker to boost discounts, several Wall Street analysts warn… [+3440 chars]"
The Washington Post,Anumita Kaur,2023-09-29,"Tesla sued by federal gov for racial harassment, racist graffiti, slurs",The Equal Employment Opportunity Commission has alleged that Elon Musk’s electric vehicle company allowed racial harassment to run rampant in its workplace.,"Comment on this story
Comment
Elon Musks electric vehicle company Tesla allowed racial harassment of its Black employees to run rampant at its Fremont, Calif., plant and retaliated against some wor… [+3346 chars]"
Next Big Future,Brian Wang,2023-09-30,2024 The Year of Mass Produced Humanoid Robots,The Tesla Teslabot and the Agility Robotics Digit will both be mass produced in the thousands in 2024. Agility Robotics announced a factory they had started last year would be completed and in production late in 2023. Mass production takes a few months to ram…,The Tesla Teslabot and the Agility Robotics Digit will both be mass produced in the thousands in 2024. Agility Robotics announced a factory they had started last year would be completed and in produc… [+2866 chars]
Business Insider,Grace Kay,2023-09-30,"Elon Musk's dad, 77, says he'd have more kids — but only if he could find a woman under 35","Elon Musk's father, Errol, has seven known children, including two he had with his former stepdaughter. He told Insider he'd have more.","Errol Musk, the father of Elon Musk, told Insider he'd be open to having more children.Denver Post Photo by Cyrus McCrimmon
<ul><li>Errol Musk said he'd be open to having more children if he could f… [+4024 chars]"
Fortune,Bloomberg,2023-10-01,Tesla faces such fierce competition in China that it's offering a revamped Model Y with no price increase,Elon Musk's electric-vehicle maker faces escalating price pressure from domestic rivals like BYD Co.,"Tesla Inc. released an updated version of the Model Y in China, with improved configurations and the same starting price, in a push to better compete with local rivals.Among the changes is a slightly… [+840 chars]"
The Verge,Elizabeth Lopatto,2023-10-01,How the Elon Musk biography exposes Walter Isaacson,Walter Isaacson’s Elon Musk is a strangely incurious book. Its shallow reporting and bizarre skew left me with more questions than I had before I read it.,"How the Elon Musk biography exposes Walter Isaacson
How the Elon Musk biography exposes Walter Isaacson
 / One way to keep Musks myth intact is simply not to check things out.
ByElizabeth Lopatto,… [+19285 chars]"
The Verge,Wes Davis,2023-10-01,Tesla rolls out an updated Model Y in China but keeps the same starting price,"A new Tesla Model Y in China gets better acceleration, new wheels, ambient LED lighting for the dashboard, and a long-range option.","Tesla rolls out an updated Model Y in China but keeps the same starting price
Tesla rolls out an updated Model Y in China but keeps the same starting price
 / The Model Y for China gets new LED das… [+1165 chars]"
Business Insider,Huileng Tan,2023-10-02,Billionaire investor Bill Ackman says he would be 'absolutely' interested in a deal with Elon Musk's X,"However, Ackman — who is worth $3.6 billion as of Sunday — told the WSJ he doesn't know if X is interested, or if the deal is doable.","Composite of Elon Musk and Bill Ackman.Chesnot/Michael Bezjian/Getty Images for Brand Innovators
<ul>
<li>Billionaire investor Bill Ackman told the WSJ he would be interested in a deal with Elon Mus… [+2399 chars]"
The Times of India,Reuters,2023-10-02,Tesla reports misses estimates for quarterly deliveries; shares fall,"Tesla's third-quarter deliveries fell short of market estimates due to production constraints caused by planned factory shutdowns. The automaker delivered 435,059 vehicles in the quarter, down nearly 7% from the previous quarter. Despite the miss, Tesla maint…","FD Calculator
When investing in a fixed deposit, the amount you deposit earns interest as per the prevailing...
Calculate Now"
The Verge,Jon Porter,2023-10-02,Tesla missed its Q3 target for the Cybertruck delivery event,Tesla didn’t end up holding a delivery event for its Cybertruck in the third quarter of 2023 as CEO Elon Musk was targeting.,"Tesla missed its Q3 target for the Cybertruck delivery event
Tesla missed its Q3 target for the Cybertruck delivery event
 / The quarter came and went without an official date for the event being a… [+2129 chars]"
CNN,Chris Isidore,2023-10-02,"Tesla sales slow, missing Wall Street forecasts",Tesla reported slower third quarter sales that fell short of Wall Street forecasts.,"Tesla reported slower third quarter sales that fell short of Wall Street forecasts.
The worlds largest electric car maker reported it delivered 435,000 vehicles in the period. Thats down 7% from the… [+1914 chars]"
NBC News,Ben Collins,2023-10-02,What was Elon Musk’s strategy for Twitter?,"A year after Elon Musk acquired Twitter, a game plan published by a fired Trump White House staffer provides a clue about his strategy for the social media platform.","On the day that public records revealed that Elon Musk had become Twitters biggest shareholder, an unknown sender texted the billionaire and recommended an article imploring him to acquire the social… [+10352 chars]"
The Times of India,The Feed,2023-10-02,"Elon Musk documentary movie: Name, production, director, all details you need to know",Elon Musk documentary titled 'Musk' is happening and Oscar winning director Alex Gibney is helming the project.,"Universal Pictures Content Group has secured the international rights to the Elon Musk documentary titled 'Musk', helmed by Academy Award-winning director Alex Gibney. The negotiations for this deal … [+1663 chars]"
The Irish Times,Richard Waters,2023-10-02,Tesla’s electric vehicle deliveries fall short of lowered expectations,Factory upgrades dent third-quarter production as high interest rates hit electric vehicle demand,"The number of new vehicles Tesla delivered in the latest quarter fell short even of Wall Streets reduced expectations, as planned factory shutdowns crimped production and demand for electric vehicles… [+1886 chars]"
Business Insider,Huileng Tan,2023-10-02,Billionaire investor Bill Ackman says he would be 'absolutely' interested in a deal with Elon Musk's X,"However, Ackman — who is worth $3.6 billion as of Sunday — told the WSJ he doesn't know if X is interested, or if the deal is doable.","Composite of Elon Musk and Bill Ackman.Chesnot/Michael Bezjian/Getty Images for Brand Innovators
<ul>
<li>Billionaire investor Bill Ackman told the WSJ he would be interested in a deal with Elon Mus… [+2399 chars]"
Ars Technica,Jon Brodkin,2023-10-02,Judge upholds Tesla arbitration agreement that drivers called “unconscionable”,Lawsuit said Tesla and Elon Musk falsely marketed cars as self-driving.,"Enlarge/ Tesla Motors store in Tokyo, Japan, on Friday, Aug. 18, 2023.
1 with 
Four Tesla drivers who sued the company over its allegedly deceptive ""self-driving"" claims will have to go to arbitrat… [+3612 chars]"
Fortune,Nicholas Gordon,2023-10-03,"Warren Buffett-backed BYD is just over 3,000 cars away from overtaking Tesla as the world’s biggest seller of EV cars",Tesla's disappointing third-quarter deliveries may leave an opening for BYD to be the world's top seller of battery electric cars.,"Teslas disappointing third-quarter deliveries are giving its closest rivalBYD, the Chinese EV giant backed by Warren Buffetts Berkshire Hathawayan opportunity to swipe top place in the electric car r… [+2831 chars]"
Next Big Future,Brian Wang,2023-10-03,Pepsi Reveals Everything About The Tesla Semi Trucks,"Pepsi has described its experience of using 21 Tesla Semi trucks for ten months and how they operated during the Run on Less trucking event. In December 2022, PepsiCo took the first delivery of the all-electric Tesla Semi trucks and as of September 1, nearly …","Pepsi has described its experience of using 21 Tesla Semi trucks for ten months and how they operated during the Run on Less trucking event. In December 2022, PepsiCo took the first delivery of the a… [+2386 chars]"
News24,news24,2023-10-03,News24 | Elon Musk must face fraud lawsuit for disclosing Twitter stake late,"A US judge ordered Elon Musk to face most of a lawsuit claiming he defrauded former Twitter shareholders last year by waiting too long to disclose that he had invested in the social media company, which he later bought and renamed X.","<ul><li>Elon Musk is to face most of a lawsuit claiming he defrauded former Twitter shareholders last year.</li><li>Musk bought Twitter for $44 billion last October.</li><li>Under the SEC rule, inves… [+2130 chars]"
The Verge,Jacob Kastrenakes,2023-10-03,Grimes sues Elon Musk after saying he won’t let her ‘see my son’,Grimes is suing Elon Musk to establish a “parental relationship” with one of their children. They have three children together.,"Grimes sues Elon Musk after saying he wont let her see my son
Grimes sues Elon Musk after saying he wont let her see my son
 / The lawsuit seeks to establish a parental relationship with one of the… [+1638 chars]"
Business Insider,astjohn@insider.com (Alexa St. John),2023-10-04,The founder of Tesla's biggest China rival reportedly drank a glass of battery fluid to impress one of Warren Buffett's lieutenants,"The founder of Chinese automaker BYD, Tesla's biggest global EV rival, once drank battery fluid in front of a big-name investor to show just how green the tech was.","The founder of Chinese automaker BYD, Tesla's biggest global EV rival, once drank battery fluid in front of a big-name investor to show just how serious he was about his company, the Wall Street Jour… [+3604 chars]"
Business Insider,astjohn@insider.com (Alexa St. John),2023-10-04,The founder of Tesla's biggest China rival reportedly drank a glass of battery fluid to impress one of Warren Buffett's lieutenants,"The founder of Chinese automaker BYD, Tesla's biggest global EV rival, once drank battery fluid in front of a big-name investor to show just how green the tech was.","The founder of Chinese automaker BYD, Tesla's biggest global EV rival, once drank battery fluid in front of a big-name investor to show just how serious he was about his company, the Wall Street Jour… [+3604 chars]"
TechRadar,Leon Poultney,2023-10-05,The Volcon Grunt Evo is the off-road electric motorcycle Mad Max dreams are made of,"The Volcon Grunt Evo goes into production and promises silent, off-road thrills","Volcon might not have the same instant recognition as, say, Tesla, but the Texan company is busily (and quietly) building a range of electric off-road motorcycles and UTVs (utility vehicles) that are… [+2691 chars]"
The Verge,Andrew J. Hawkins,2023-10-05,Hyundai’s future EVs will also have Tesla’s EV charging port,Hyundai will feature Tesla’s EV charging port on its future vehicles. The South Korean company is the latest to adopt Tesla’s North American Charging Standard.,"Hyundais future EVs will also have Teslas EV charging port
Hyundais future EVs will also have Teslas EV charging port
 / The latest automaker to join Elon Musks EV charging party is also the first … [+2855 chars]"
ABC News,The Associated Press,2023-10-05,US regulators seek to compel Elon Musk to testify in their investigation of his Twitter acquisition,"The Securities and Exchange Commission says it is seeking a court order that would compel Elon Musk to testify as part of an investigation into his purchase of Twitter, now called X","SAN FRANCISCO -- The Securities and Exchange Commission said Thursday it is seeking a court order that would compel Elon Musk to testify as part of an investigation into his purchase of Twitter, now … [+2592 chars]"
Business Insider,Kali Hays,2023-10-05,The SEC is investigating Elon Musk's purchase of Twitter and attempting to force him to sit for questioning,The Tesla billionaire made a chaotic acquisition of Twitter last year.,"Elon Musk.Chesnot via Getty Images
<ul><li>The SEC is investigating Elon Musk's initial investment in Twitter and his eventual takeover.</li><li>The government agency says Musk has failed to sit for… [+2761 chars]"
Ars Technica,Jonathan M. Gitlin,2023-10-05,Hyundai is switching to Tesla-style NACS plugs for its EVs in late 2024,Hyundai EVs that still have the CCS1 plug will get access in 2025 with an adapter.,"44 with 
On Thursday morning, Hyundai announced that it's the latest automaker to adopt the North American Charging Standard for its battery electric vehicles. Developed by Tesla, NACS was opened up… [+2045 chars]"
CNN,Peter Valdes-Dapena,2023-10-05,Hyundai and Kia are the latest to switch to Tesla EV charging,"South Korean automakers Kia, Hyundai and luxury auto brand Genesis announced Thursday that their electric vehicles in the United States will have Tesla-style charging ports, starting in the last quarter of 2024. This will allow owners of those vehicles to sea…","South Korean automakers Kia, Hyundai and luxury auto brand Genesis announced Thursday that their electric vehicles in the United States will have Tesla-style charging ports, starting in the last quar… [+2384 chars]"
NBC News,"Jonathan Vanian, CNBC",2023-10-05,SEC sues to force Elon Musk to testify in Twitter probe,The U.S. Securities and Exchange Commission sued Elon Musk on Thursday in an effort to compel the billionaire to testify over his purchase of Twitter last year.,"The U.S. Securities and Exchange Commission sued Elon Musk on Thursday in an effort to compel the billionaire to testify over his purchase of Twitter last year.
Attorneys representing the SEC allege… [+1545 chars]"
Next Big Future,Brian Wang,2023-10-06,Tesla Megachargers for Semi Truck Charging,"Tesla has been producing the Semi in Texas since October 2022. Tesla has also deployed a mobile Megacharger at its Supercharger station in Baker, California. If Tesla adds 750 kilowatt chargers at larger Supercharger locations then they will need to allocate …","Tesla has been producing the Semi in Texas since October 2022. Tesla has also deployed a mobile Megacharger at its Supercharger station in Baker, California. If Tesla adds 750 kilowatt chargers at la… [+4259 chars]"
Business Insider,Erin Snodgrass,2023-10-06,Elon Musk and Grimes' 3 kids ordered to stay in California after Grimes files for physical custody,"Grimes filed for physical custody of the former couple's kids about three weeks after Elon Musk sued her to establish a ""parent-child relationship.""","Elon Musk (left) and Grimes (right).Chesnot via Getty Images; Frazer Harrison via Getty Images
<ul><li>Grimes sued Elon Musk for physical custody of the former couple's three children last month.</l… [+4017 chars]"
Reuters,Reuters,2023-10-06,"Tesla slashes prices of Model 3, Models Y vehicles in US","Tesla <a href=""https://www.reuters.com/markets/companies/TSLA.O"" target=""_blank"">(TSLA.O)</a> has cut prices of its Model 3 compact sedan and Model Y SUV in the U.S. by about 2.7% to 4.2% to stoke demand for its electric vehicles, days after the automaker fel…","Oct 5 (Reuters) - Tesla (TSLA.O) has cut prices of its Model 3 compact sedan and Model Y SUV in the U.S. by about 2.7% to 4.2% to stoke demand for its electric vehicles, days after the automaker fell… [+1736 chars]"
Breitbart News,"Lucas Nolan, Lucas Nolan",2023-10-06,SEC Seeks to Force Elon Musk Testimony on Pre-Buyout Twitter Share Purchases,"Elon Musk, the billionaire CEO of Tesla, finds himself once again in the crosshairs of the SEC over his Twitter stock purchases before he eventually bought the entire company. The SEC is attempting to force Musk to provide testimony to their investigation, cl…","Elon Musk, the billionaire CEO of Tesla, finds himself once again in the crosshairs of the SEC over his Twitter stock purchases before he eventually bought the entire company. The SEC is attempting t… [+4344 chars]"
Next Big Future,Brian Wang,2023-10-06,Tesla EVs and Solar Heading to 90% Lower Energy Costs,"Marginal cost of energy by 2030 will approach ~$0.005/kWh. This is about ten times less than most of the energy today. It is essentially making power free and abundant. The big issue will be the realized cost of this energy and will demonstrate, especially in…","Marginal cost of energy by 2030 will approach ~$0.005/kWh. This is about ten times less than most of the energy today. It is essentially making power free and abundant.
The big issue will be the rea… [+6053 chars]"
ABC News,MATT O'BRIEN AP technology writer,2023-10-06,US regulators seek to compel Elon Musk to testify in their investigation of his Twitter acquisition,"The Securities and Exchange Commission says it is seeking a court order that would compel Elon Musk to testify as part of an investigation into his purchase of Twitter, now called X","The Securities and Exchange Commission said Thursday it is seeking a court order that would compel Elon Musk to testify as part of an investigation into his purchase of Twitter, now called X.
The SE… [+3855 chars]"
Engadget,Malak Saleh,2023-10-06,Kia EV owners will get access to Tesla Superchargers in North America,"Kia plans to build the NCAS port, which is the most common charging standard, into all of its new electric vehicles that go on sale in North America starting...","Kia drivers that own electric vehicles will be able to use
 12,000 Tesla Superchargers
 across the United States, Canada and Mexico. This is taking place, just as the company rolls out its EV9 elec… [+2002 chars]"
ABC News,The Associated Press,2023-10-06,"CalAmp, Tesla fall; Pioneer Natural, NuScale rise Friday, 10/6/2023","Stocks that are trading heavily or have substantial price changes on Friday: CalAmp, Tesla fall; Pioneer Natural, NuScale rise","NEW YORK -- Stocks that are trading heavily or have substantial price changes on Friday: 
Pioneer Natural Resources Co. (PXD), up $23.66 to $238.62.
Exxon Mobil is reportedly considering buying the… [+985 chars]"
Fortune,Lionel Lim,2023-10-06,"VinFast, Vietnam's answer to Tesla, unveils a $623M quarterly loss almost 2 months after its wild Nasdaq debut","Vietnam's answer to Tesla sold just 10,000 cars last quarter—mostly to a taxi company owned by its founder Pham Nhat Vuong.","VinFast, the recently-debuted Vietnamese electric carmaker that at one point was worth more than most of the auto industry, is getting even more of a reality check following a collapse in its share p… [+2396 chars]"
The Washington Post,Trisha Thadani,2023-10-06,Inside the final seconds of a deadly Tesla Autopilot crash,A lawsuit over the crash could determine whether the maker of the technology bears some responsibility when things go wrong in a vehicle guided by Autopilot.,"The sun had yet to rise in Delray Beach, Fla., when Jeremy Banner flicked on Autopilot. His red Tesla Model 3 sped down the highway at nearly 70 mph, his hands no longer detected on the wheel.
Secon… [+18423 chars]"
Fortune,Christiaan Hetzner,2023-10-06,Elon Musk is cutting Tesla's list prices in the U.S. again after poor Q3 sales,Once again Elon Musk is resorting to profit-eroding price discounts to stimulate demand after Q3 vehicle sales came in well short of market expectations.,"Elon Musk is slashing U.S. prices once again for both the Model Y and the Model 3 which together are responsible for over 95% of his vehicle sales.While this is good news for new buyers, it raises mo… [+3689 chars]"
The Times of India,ET Online,2023-10-07,"Elon Musk's request for a scandalous moniker: The ""Elongate"" buzzes on X","Elon Musk's recent tweet on X requesting a scandalous moniker has gone viral, with millions of views and witty responses flooding in. Musk humorously asked for any potential scandal involving him to be called ""Elongate,"" sparking creativity and humor within t…","Elon Musk's recent X post about potential scandals has not only left people in splits but will undoubtedly tickle your funny bone too. The tech mogul's playful request for a scandalous moniker, dubbe… [+2545 chars]"
Breitbart News,"Alana Mastrangelo, Alana Mastrangelo",2023-10-08,Elon Musk Endorses Pro-Palestinian Terror Account on X/Twitter,"Tesla CEO and Elon Musk has endorsed a pro-Palestinian terror account on his X/Twitter platform, claiming the ""War Monitor"" account, which puts Israel in quote marks as it argues there is ""no such thing,"" and refers to Palestinian terrorists as ""resistance fi…","Tesla CEO and Elon Musk has endorsed a pro-Palestinian terror account on his X/Twitter platform, claiming the “War Monitor” account, which puts Israel in quote marks as it argues there is “no such th… [+3724 chars]"
Business Insider,Kylie Kirschner,2023-10-09,"Tesla owners are using the new button on the side of the iPhone 15 Pro to unlock their car, pop the frunk, and get the AC going","Tesla owners have wasted no time in programming Apple's new ""action button"" on the iPhone 15 Pro to make it easier than ever to control their car.","The new action button can be used as a Tesla key fob.Apple, Sjoerd van der Wal/Getty Images
<ul>
<li>The new iPhone 15 Pro has a customizable ""action button"" in place of the ring/silent switch.</li>… [+2269 chars]"
Fortune,"Tom Randall, Bloomberg",2023-10-09,Elon Musk's latest Tesla price cuts 'to unload inventory' are good news for car buyers but bad news for investors,Teslas now cost less than average U.S. gasoline-powered cars and trucks.,"Teslas top-selling electric vehicles now compete directly with gasoline cars on price after the latest round of price reductions. The lower prices could cost the company $1.2 billion a year, accordin… [+2564 chars]"
Business Insider,Kylie Kirschner,2023-10-09,"Tesla owners are using the new button on the side of the iPhone 15 Pro to unlock their car, pop the frunk, and get the AC going","Tesla owners have wasted no time in programming Apple's new ""action button"" on the iPhone 15 Pro to make it easier than ever to control their car.","The new action button can be used as a Tesla key fob.Apple, Sjoerd van der Wal/Getty Images
<ul>
<li>The new iPhone 15 Pro has a customizable ""action button"" in place of the ring/silent switch.</li>… [+2269 chars]"
The Irish Times,Proinsias O'Mahony,2023-10-10,Magnificent seven stocks are keeping indices afloat,"While the S&P 500 is still up 11% this year, it is entirely due to tech giants which are up 81%","The so-called magnificent seven tech giants Apple, Microsoft, Alphabet, Amazon, Nvidia, Tesla, and Meta may have slipped lately, but they are still keeping the US stock market aloft.
At the end of M… [+1053 chars]"
