source_name,date,title_label,content_label,description_label,label_opt1
The Jerusalem Post,2023-09-12,positive,positive,positive,positive
Business Insider,2023-09-12,neutral,neutral,neutral,neutral
Fortune,2023-09-12,neutral,neutral,neutral,neutral
CNN,2023-09-12,neutral,neutral,neutral,neutral
Business Insider,2023-09-12,neutral,neutral,neutral,neutral
Fortune,2023-09-12,neutral,neutral,neutral,neutral
Newsweek,2023-09-12,neutral,neutral,neutral,neutral
Business Insider,2023-09-12,neutral,neutral,neutral,neutral
Business Insider,2023-09-12,neutral,neutral,neutral,neutral
Business Insider,2023-09-12,neutral,neutral,neutral,neutral
Financial Post,2023-09-12,positive,negative,neutral,negative
TechCrunch,2023-09-12,neutral,neutral,neutral,neutral
Fortune,2023-09-12,neutral,neutral,positive,positive
CNN,2023-09-12,positive,positive,positive,positive
USA Today,2023-09-12,neutral,neutral,neutral,neutral
Business Insider,2023-09-12,neutral,neutral,neutral,neutral
Business Insider,2023-09-12,neutral,neutral,neutral,neutral
Fortune,2023-09-12,neutral,neutral,neutral,neutral
Business Insider,2023-09-12,neutral,neutral,neutral,neutral
Fortune,2023-09-12,negative,neutral,negative,negative
Fortune,2023-09-12,neutral,neutral,neutral,neutral
Business Insider,2023-09-12,neutral,neutral,neutral,neutral
Next Big Future,2023-09-12,negative,neutral,neutral,neutral
Business Insider,2023-09-12,neutral,neutral,neutral,neutral
Fox News,2023-09-12,negative,negative,negative,negative
ABC News (AU),2023-09-12,negative,negative,negative,negative
Business Insider,2023-09-13,neutral,neutral,neutral,neutral
Next Big Future,2023-09-13,neutral,neutral,neutral,neutral
Next Big Future,2023-09-13,neutral,positive,neutral,neutral
Business Insider,2023-09-13,neutral,neutral,neutral,neutral
BBC News,2023-09-13,positive,negative,neutral,neutral
Next Big Future,2023-09-13,neutral,neutral,neutral,neutral
The Washington Post,2023-09-13,neutral,neutral,neutral,neutral
Next Big Future,2023-09-13,neutral,neutral,neutral,neutral
Fortune,2023-09-13,neutral,positive,neutral,neutral
Business Insider,2023-09-13,negative,neutral,neutral,negative
Business Insider,2023-09-13,neutral,neutral,negative,neutral
Business Insider,2023-09-13,neutral,positive,neutral,neutral
Fortune,2023-09-13,neutral,neutral,neutral,neutral
Business Insider,2023-09-13,neutral,negative,neutral,neutral
Business Insider,2023-09-13,neutral,negative,positive,positive
ABC News,2023-09-13,neutral,negative,negative,neutral
News.com.au,2023-09-13,neutral,neutral,neutral,neutral
Politico,2023-09-13,neutral,neutral,neutral,neutral
Business Insider,2023-09-13,neutral,neutral,neutral,neutral
Business Insider,2023-09-13,neutral,neutral,neutral,neutral
BBC News,2023-09-13,positive,positive,neutral,neutral
Business Insider,2023-09-13,neutral,neutral,neutral,neutral
Business Insider,2023-09-13,neutral,negative,positive,positive
TechCrunch,2023-09-13,positive,positive,positive,positive
Business Insider,2023-09-13,neutral,negative,neutral,neutral
BBC News,2023-09-13,positive,negative,neutral,neutral
The Verge,2023-09-13,neutral,neutral,neutral,neutral
Business Insider,2023-09-13,negative,neutral,neutral,negative
Business Insider,2023-09-13,neutral,positive,neutral,neutral
BBC News,2023-09-13,positive,positive,neutral,neutral
Fortune,2023-09-13,neutral,neutral,negative,neutral
Business Insider,2023-09-13,neutral,neutral,neutral,neutral
The Verge,2023-09-13,neutral,neutral,neutral,neutral
Business Insider,2023-09-13,neutral,neutral,neutral,neutral
Fortune,2023-09-13,neutral,neutral,neutral,neutral
Business Insider,2023-09-13,neutral,neutral,neutral,neutral
Breitbart News,2023-09-13,neutral,negative,negative,negative
The Times of India,2023-09-13,positive,neutral,negative,neutral
Business Insider,2023-09-13,neutral,neutral,negative,neutral
Breitbart News,2023-09-14,negative,negative,negative,negative
Al Jazeera English,2023-09-14,positive,negative,negative,negative
The Times of India,2023-09-14,negative,neutral,neutral,negative
Fortune,2023-09-14,negative,negative,negative,negative
Breitbart News,2023-09-14,positive,neutral,neutral,positive
Breitbart News,2023-09-14,neutral,negative,negative,neutral
The Times of India,2023-09-14,neutral,neutral,neutral,neutral
Fortune,2023-09-14,neutral,neutral,neutral,neutral
Wired,2023-09-14,neutral,neutral,neutral,neutral
The Verge,2023-09-14,neutral,neutral,neutral,neutral
Engadget,2023-09-14,positive,positive,positive,positive
Wired,2023-09-14,neutral,neutral,positive,neutral
NBC News,2023-09-14,neutral,neutral,negative,neutral
CNN,2023-09-14,negative,negative,negative,negative
Breitbart News,2023-09-14,negative,negative,negative,negative
Business Insider,2023-09-14,neutral,neutral,neutral,neutral
The Jerusalem Post,2023-09-14,neutral,neutral,negative,negative
Newsweek,2023-09-14,neutral,negative,negative,negative
Business Insider,2023-09-14,neutral,neutral,neutral,neutral
Newsweek,2023-09-14,neutral,negative,negative,negative
Business Insider,2023-09-14,neutral,positive,positive,positive
Business Insider,2023-09-14,neutral,neutral,neutral,neutral
CBS News,2023-09-14,neutral,neutral,neutral,neutral
Business Insider,2023-09-14,neutral,positive,positive,positive
Business Insider,2023-09-14,neutral,neutral,neutral,neutral
Business Insider,2023-09-15,negative,negative,neutral,negative
Newsweek,2023-09-15,negative,negative,positive,negative
News24,2023-09-15,neutral,neutral,neutral,neutral
Business Insider,2023-09-15,negative,negative,negative,negative
NBC News,2023-09-15,neutral,neutral,negative,neutral
Business Insider,2023-09-15,negative,negative,negative,negative
Wired,2023-09-15,neutral,neutral,neutral,neutral
Next Big Future,2023-09-15,neutral,positive,positive,neutral
Breitbart News,2023-09-15,neutral,negative,negative,negative
ABC News (AU),2023-09-15,neutral,neutral,neutral,neutral
BBC News,2023-09-15,neutral,neutral,negative,negative
Business Insider,2023-09-15,neutral,neutral,positive,neutral
Mashable,2023-09-15,negative,negative,negative,negative
Business Insider,2023-09-15,negative,negative,neutral,negative
Business Insider,2023-09-15,neutral,neutral,positive,neutral
Fortune,2023-09-15,neutral,negative,neutral,negative
BBC News,2023-09-15,neutral,neutral,negative,negative
ABC News (AU),2023-09-15,neutral,neutral,neutral,neutral
Fortune,2023-09-16,neutral,positive,neutral,neutral
Next Big Future,2023-09-16,neutral,positive,positive,neutral
The Verge,2023-09-17,neutral,neutral,neutral,neutral
Business Insider,2023-09-17,neutral,positive,neutral,neutral
Breitbart News,2023-09-17,negative,negative,negative,negative
Fortune,2023-09-17,negative,neutral,neutral,neutral
Business Insider,2023-09-17,neutral,negative,negative,negative
Business Insider,2023-09-17,neutral,positive,neutral,neutral
Next Big Future,2023-09-17,neutral,negative,neutral,neutral
Business Insider,2023-09-17,neutral,negative,negative,negative
The Washington Post,2023-09-18,negative,neutral,negative,negative
Fortune,2023-09-18,negative,negative,negative,negative
Hacker News,2023-09-18,neutral,neutral,neutral,neutral
The Washington Post,2023-09-18,neutral,neutral,neutral,neutral
Next Big Future,2023-09-18,neutral,neutral,neutral,neutral
Reuters,2023-09-18,neutral,neutral,neutral,neutral
Fortune,2023-09-18,neutral,negative,negative,negative
The Times of India,2023-09-18,neutral,neutral,neutral,neutral
Business Insider,2023-09-18,negative,neutral,negative,negative
The Hill,2023-09-18,neutral,neutral,positive,neutral
The Times of India,2023-09-18,neutral,neutral,positive,positive
Fortune,2023-09-18,neutral,negative,neutral,neutral
The Times of India,2023-09-18,neutral,neutral,positive,neutral
Fortune,2023-09-18,neutral,neutral,positive,neutral
Breitbart News,2023-09-18,neutral,neutral,neutral,neutral
Breitbart News,2023-09-18,neutral,neutral,neutral,neutral
Breitbart News,2023-09-18,neutral,negative,neutral,negative
Al Jazeera English,2023-09-18,neutral,neutral,neutral,neutral
Politico,2023-09-18,neutral,neutral,negative,negative
Al Jazeera English,2023-09-18,neutral,neutral,neutral,neutral
Business Insider,2023-09-18,negative,neutral,negative,negative
ABC News,2023-09-18,neutral,neutral,neutral,neutral
Fortune,2023-09-18,neutral,neutral,neutral,neutral
Fortune,2023-09-18,negative,negative,negative,negative
ABC News,2023-09-18,neutral,neutral,neutral,neutral
New York Magazine,2023-09-18,neutral,neutral,neutral,neutral
ABC News,2023-09-18,neutral,neutral,neutral,neutral
Business Insider,2023-09-18,negative,neutral,negative,negative
Associated Press,2023-09-18,neutral,neutral,neutral,neutral
Business Insider,2023-09-18,negative,neutral,negative,negative
Next Big Future,2023-09-18,neutral,neutral,neutral,neutral
Fortune,2023-09-18,negative,neutral,neutral,negative
ABC News,2023-09-18,neutral,neutral,neutral,neutral
NBC News,2023-09-18,neutral,neutral,neutral,neutral
The Jerusalem Post,2023-09-18,neutral,neutral,positive,neutral
ABC News,2023-09-18,neutral,neutral,neutral,neutral
The Jerusalem Post,2023-09-18,neutral,negative,neutral,neutral
ABC News,2023-09-18,neutral,neutral,neutral,neutral
The Jerusalem Post,2023-09-18,neutral,neutral,positive,neutral
The Jerusalem Post,2023-09-18,neutral,neutral,neutral,neutral
The Jerusalem Post,2023-09-18,neutral,neutral,neutral,neutral
Time,2023-09-19,neutral,neutral,neutral,neutral
BBC News,2023-09-19,neutral,neutral,positive,neutral
BBC News,2023-09-19,neutral,neutral,positive,neutral
The Irish Times,2023-09-19,neutral,neutral,neutral,neutral
Next Big Future,2023-09-19,neutral,neutral,neutral,neutral
Reuters,2023-09-19,positive,negative,negative,negative
Next Big Future,2023-09-19,neutral,neutral,neutral,neutral
Business Insider,2023-09-19,negative,neutral,neutral,negative
Business Insider,2023-09-19,negative,negative,negative,negative
TechCrunch,2023-09-19,neutral,neutral,neutral,neutral
The Times of India,2023-09-19,neutral,negative,neutral,negative
Breitbart News,2023-09-19,neutral,neutral,neutral,neutral
Financial Post,2023-09-19,negative,neutral,neutral,neutral
Fortune,2023-09-19,neutral,neutral,neutral,neutral
Fox News,2023-09-19,neutral,neutral,neutral,neutral
Fortune,2023-09-19,neutral,neutral,negative,neutral
News24,2023-09-19,neutral,negative,neutral,negative
TechCrunch,2023-09-19,neutral,neutral,negative,neutral
Business Insider,2023-09-19,negative,neutral,neutral,negative
News24,2023-09-19,neutral,negative,negative,neutral
Business Insider,2023-09-19,negative,negative,negative,negative
The Jerusalem Post,2023-09-19,negative,negative,positive,negative
The Jerusalem Post,2023-09-19,negative,neutral,neutral,neutral
Business Insider,2023-09-20,neutral,neutral,neutral,neutral
TechCrunch,2023-09-20,neutral,neutral,neutral,neutral
Business Insider,2023-09-20,positive,neutral,positive,positive
Business Insider,2023-09-20,neutral,neutral,neutral,neutral
Business Insider,2023-09-20,negative,neutral,neutral,neutral
Business Insider,2023-09-20,neutral,neutral,negative,neutral
Business Insider,2023-09-20,neutral,negative,neutral,neutral
Business Insider,2023-09-20,neutral,negative,neutral,neutral
Business Insider,2023-09-20,neutral,neutral,neutral,neutral
Business Insider,2023-09-20,neutral,neutral,negative,neutral
Next Big Future,2023-09-20,neutral,negative,negative,negative
Mashable,2023-09-20,neutral,negative,neutral,neutral
The Washington Post,2023-09-20,neutral,neutral,neutral,neutral
Business Insider,2023-09-20,negative,neutral,neutral,neutral
Business Insider,2023-09-20,neutral,neutral,neutral,neutral
The Jerusalem Post,2023-09-20,neutral,positive,negative,positive
Business Insider,2023-09-20,positive,neutral,positive,positive
Breitbart News,2023-09-20,neutral,neutral,negative,neutral
Newsweek,2023-09-21,negative,neutral,negative,negative
Business Insider,2023-09-21,negative,neutral,negative,neutral
Breitbart News,2023-09-21,neutral,positive,neutral,neutral
Breitbart News,2023-09-21,neutral,negative,negative,negative
The Times of India,2023-09-21,neutral,negative,positive,negative
Wired,2023-09-21,neutral,negative,negative,neutral
Business Insider,2023-09-21,negative,neutral,negative,neutral
Ars Technica,2023-09-21,neutral,neutral,neutral,neutral
Business Insider,2023-09-22,negative,negative,neutral,negative
Engadget,2023-09-22,neutral,neutral,neutral,neutral
Business Insider,2023-09-22,negative,negative,neutral,negative
Engadget,2023-09-22,neutral,positive,positive,positive
Next Big Future,2023-09-22,neutral,neutral,neutral,neutral
Fortune,2023-09-22,positive,neutral,neutral,neutral
Fortune,2023-09-22,negative,neutral,positive,neutral
Business Insider,2023-09-23,neutral,negative,neutral,neutral
Business Insider,2023-09-23,neutral,negative,neutral,neutral
The Jerusalem Post,2023-09-23,neutral,neutral,negative,neutral
Business Insider,2023-09-24,positive,neutral,neutral,neutral
Next Big Future,2023-09-24,neutral,neutral,neutral,neutral
Next Big Future,2023-09-24,neutral,neutral,neutral,neutral
The Times of India,2023-09-24,neutral,positive,positive,positive
Business Insider,2023-09-24,positive,neutral,neutral,neutral
Business Insider,2023-09-25,neutral,neutral,neutral,neutral
Fox News,2023-09-25,negative,negative,negative,negative
Business Insider,2023-09-25,neutral,neutral,neutral,neutral
Engadget,2023-09-25,neutral,neutral,neutral,neutral
CNN,2023-09-25,neutral,negative,positive,negative
Fortune,2023-09-25,neutral,neutral,neutral,neutral
Engadget,2023-09-25,neutral,neutral,neutral,neutral
Business Insider,2023-09-25,neutral,neutral,neutral,neutral
Business Insider,2023-09-25,neutral,neutral,neutral,neutral
Fortune,2023-09-26,positive,neutral,neutral,neutral
CBS News,2023-09-26,negative,negative,negative,negative
Fox News,2023-09-26,neutral,neutral,negative,neutral
Fox News,2023-09-26,neutral,neutral,neutral,neutral
ABC News (AU),2023-09-26,negative,negative,neutral,negative
The Times of India,2023-09-26,neutral,neutral,neutral,neutral
IGN,2023-09-26,neutral,neutral,neutral,neutral
The Jerusalem Post,2023-09-27,neutral,neutral,negative,negative
Business Insider,2023-09-27,negative,negative,negative,negative
Fox News,2023-09-27,neutral,neutral,neutral,neutral
Business Insider,2023-09-27,negative,negative,negative,negative
Business Insider,2023-09-27,negative,negative,negative,negative
Breitbart News,2023-09-27,neutral,neutral,neutral,neutral
Business Insider,2023-09-27,neutral,neutral,neutral,neutral
Business Insider,2023-09-27,neutral,neutral,neutral,neutral
Reuters,2023-09-27,neutral,positive,negative,positive
Business Insider,2023-09-27,negative,negative,negative,negative
The Jerusalem Post,2023-09-27,negative,negative,positive,negative
Fortune,2023-09-27,negative,negative,negative,negative
Business Insider,2023-09-27,neutral,neutral,negative,neutral
The Irish Times,2023-09-27,neutral,neutral,neutral,neutral
News.com.au,2023-09-27,negative,negative,negative,negative
Newsweek,2023-09-27,neutral,neutral,neutral,neutral
Business Insider,2023-09-27,neutral,neutral,negative,neutral
CNN,2023-09-28,negative,negative,negative,negative
Fortune,2023-09-28,neutral,neutral,neutral,neutral
The Jerusalem Post,2023-09-28,negative,negative,negative,negative
CBS News,2023-09-28,negative,negative,negative,negative
Fox News,2023-09-28,negative,negative,negative,negative
The Jerusalem Post,2023-09-28,positive,positive,negative,negative
The Verge,2023-09-28,negative,negative,negative,negative
Newsweek,2023-09-28,neutral,neutral,neutral,neutral
Fortune,2023-09-28,neutral,neutral,negative,neutral
Business Insider,2023-09-28,neutral,neutral,negative,neutral
CBS News,2023-09-28,negative,negative,negative,negative
Business Insider,2023-09-28,neutral,neutral,neutral,neutral
Reuters,2023-09-28,neutral,negative,negative,negative
ABC News (AU),2023-09-28,negative,neutral,neutral,neutral
The Washington Post,2023-09-28,negative,neutral,negative,negative
Business Insider,2023-09-28,neutral,neutral,neutral,neutral
ABC News,2023-09-28,negative,negative,negative,negative
NBC News,2023-09-28,negative,negative,negative,negative
Business Insider,2023-09-28,neutral,neutral,negative,neutral
Business Insider,2023-09-29,negative,negative,neutral,negative
Business Insider,2023-09-29,neutral,neutral,neutral,neutral
Fortune,2023-09-29,neutral,neutral,negative,neutral
Next Big Future,2023-09-29,neutral,neutral,neutral,neutral
Business Insider,2023-09-29,negative,negative,neutral,negative
NBC News,2023-09-29,neutral,neutral,neutral,neutral
Engadget,2023-09-29,negative,negative,negative,negative
Fox News,2023-09-29,neutral,neutral,negative,neutral
Ars Technica,2023-09-29,negative,negative,neutral,negative
Business Insider,2023-09-29,negative,positive,negative,negative
The Times of India,2023-09-29,neutral,neutral,neutral,neutral
The Irish Times,2023-09-29,negative,negative,negative,negative
Business Insider,2023-09-29,neutral,neutral,neutral,neutral
The Times of India,2023-09-29,negative,negative,neutral,negative
Business Insider,2023-09-29,neutral,neutral,neutral,neutral
Reuters,2023-09-29,negative,negative,negative,negative
The Hill,2023-09-29,negative,negative,negative,negative
Business Insider,2023-09-29,neutral,neutral,neutral,neutral
Business Insider,2023-09-29,negative,positive,negative,negative
The Washington Post,2023-09-29,negative,negative,negative,negative
Al Jazeera English,2023-09-29,negative,negative,negative,negative
Next Big Future,2023-09-30,neutral,neutral,neutral,neutral
Business Insider,2023-09-30,neutral,neutral,neutral,neutral
Business Insider,2023-09-30,neutral,neutral,neutral,neutral
News24,2023-09-30,negative,negative,negative,negative
Reuters,2023-10-01,neutral,neutral,neutral,neutral
Fortune,2023-10-01,neutral,positive,negative,negative
Business Insider,2023-10-01,negative,negative,positive,positive
Business Insider,2023-10-01,negative,negative,positive,positive
The Verge,2023-10-01,neutral,neutral,negative,neutral
The Verge,2023-10-01,neutral,neutral,positive,neutral
Business Insider,2023-10-02,neutral,neutral,neutral,neutral
The Times of India,2023-10-02,negative,neutral,negative,negative
ABC News,2023-10-02,negative,negative,negative,negative
The Verge,2023-10-02,negative,negative,neutral,negative
CNN,2023-10-02,negative,negative,negative,negative
NBC News,2023-10-02,neutral,neutral,neutral,neutral
ABC News,2023-10-02,negative,negative,negative,negative
Mashable,2023-10-02,neutral,neutral,neutral,neutral
The Verge,2023-10-02,neutral,negative,negative,negative
Fortune,2023-10-02,negative,negative,negative,negative
The Jerusalem Post,2023-10-02,neutral,neutral,neutral,neutral
The Irish Times,2023-10-02,negative,negative,negative,negative
Business Insider,2023-10-02,neutral,neutral,neutral,neutral
The Times of India,2023-10-02,neutral,neutral,neutral,neutral
Business Insider,2023-10-02,neutral,neutral,neutral,neutral
The Irish Times,2023-10-02,negative,negative,negative,negative
TechCrunch,2023-10-02,negative,negative,negative,negative
Business Insider,2023-10-02,neutral,neutral,neutral,neutral
Ars Technica,2023-10-02,negative,neutral,negative,neutral
TechCrunch,2023-10-02,negative,neutral,negative,neutral
Business Insider,2023-10-02,neutral,negative,neutral,neutral
Business Insider,2023-10-02,neutral,negative,neutral,neutral
ABC News,2023-10-02,negative,negative,negative,negative
The Jerusalem Post,2023-10-02,neutral,neutral,negative,neutral
Newsweek,2023-10-02,neutral,positive,neutral,neutral
Breitbart News,2023-10-03,negative,negative,negative,negative
Fortune,2023-10-03,positive,negative,negative,negative
Next Big Future,2023-10-03,neutral,neutral,neutral,neutral
Engadget,2023-10-03,neutral,positive,positive,positive
Fortune,2023-10-03,negative,negative,neutral,negative
The Times of India,2023-10-03,neutral,neutral,neutral,neutral
Breitbart News,2023-10-03,negative,negative,negative,negative
TechRadar,2023-10-03,neutral,negative,neutral,neutral
Business Insider,2023-10-03,neutral,neutral,neutral,neutral
News24,2023-10-03,negative,neutral,negative,negative
Newsweek,2023-10-03,neutral,negative,negative,neutral
The Verge,2023-10-03,negative,neutral,neutral,neutral
Business Insider,2023-10-03,neutral,neutral,neutral,neutral
Fox News,2023-10-04,neutral,neutral,negative,neutral
Business Insider,2023-10-04,neutral,neutral,neutral,neutral
Business Insider,2023-10-04,neutral,neutral,positive,positive
Next Big Future,2023-10-04,neutral,neutral,neutral,neutral
Business Insider,2023-10-04,neutral,neutral,positive,positive
Business Insider,2023-10-04,neutral,neutral,neutral,neutral
TechRadar,2023-10-04,negative,negative,neutral,negative
The Verge,2023-10-05,neutral,negative,negative,negative
TechRadar,2023-10-05,neutral,neutral,neutral,neutral
ABC News,2023-10-05,neutral,neutral,neutral,neutral
BBC News,2023-10-05,negative,negative,negative,negative
BBC News,2023-10-05,negative,negative,negative,negative
The Verge,2023-10-05,neutral,neutral,neutral,neutral
Next Big Future,2023-10-05,neutral,neutral,neutral,neutral
ABC News,2023-10-05,neutral,neutral,neutral,neutral
Business Insider,2023-10-05,negative,negative,neutral,negative
Ars Technica,2023-10-05,neutral,neutral,neutral,neutral
Engadget,2023-10-05,negative,negative,negative,negative
CNN,2023-10-05,neutral,neutral,neutral,neutral
Business Insider,2023-10-05,negative,negative,neutral,negative
Fortune,2023-10-05,negative,neutral,neutral,negative
NBC News,2023-10-05,negative,negative,negative,negative
TechCrunch,2023-10-05,neutral,positive,positive,neutral
Newsweek,2023-10-06,negative,neutral,neutral,neutral
Next Big Future,2023-10-06,neutral,neutral,neutral,neutral
Business Insider,2023-10-06,negative,negative,negative,negative
TechRadar,2023-10-06,negative,negative,negative,negative
Business Insider,2023-10-06,neutral,neutral,neutral,neutral
Reuters,2023-10-06,negative,negative,negative,negative
The Irish Times,2023-10-06,neutral,neutral,neutral,neutral
Business Insider,2023-10-06,negative,negative,negative,negative
Breitbart News,2023-10-06,neutral,neutral,neutral,neutral
Next Big Future,2023-10-06,positive,neutral,neutral,neutral
Business Insider,2023-10-06,neutral,neutral,neutral,neutral
ABC News,2023-10-06,neutral,neutral,neutral,neutral
Engadget,2023-10-06,negative,negative,negative,negative
Engadget,2023-10-06,positive,neutral,neutral,neutral
ABC News,2023-10-06,positive,positive,neutral,positive
Fortune,2023-10-06,negative,negative,neutral,negative
The Washington Post,2023-10-06,neutral,neutral,negative,neutral
Fortune,2023-10-06,negative,negative,positive,negative
Reuters,2023-10-07,neutral,positive,positive,positive
The Times of India,2023-10-07,neutral,neutral,neutral,neutral
The Times of India,2023-10-07,neutral,neutral,positive,neutral
The Times of India,2023-10-07,neutral,positive,neutral,neutral
Fortune,2023-10-07,negative,negative,neutral,negative
Breitbart News,2023-10-08,neutral,neutral,neutral,neutral
Reuters,2023-10-08,negative,negative,negative,negative
TechRadar,2023-10-09,positive,neutral,positive,neutral
Breitbart News,2023-10-09,negative,negative,negative,negative
TechRadar,2023-10-09,positive,neutral,positive,positive
The Jerusalem Post,2023-10-09,neutral,negative,negative,negative
Business Insider,2023-10-09,neutral,neutral,neutral,neutral
Newsweek,2023-10-09,neutral,positive,neutral,neutral
Newsweek,2023-10-09,positive,neutral,positive,positive
Fortune,2023-10-09,negative,negative,negative,negative
Business Insider,2023-10-09,neutral,neutral,neutral,neutral
Reuters,2023-10-09,neutral,negative,neutral,neutral
News24,2023-10-09,neutral,negative,neutral,neutral
The Irish Times,2023-10-10,positive,negative,positive,positive
Business Insider,2023-10-11,negative,negative,negative,negative
Fortune,2023-10-11,negative,neutral,neutral,negative
Business Insider,2023-10-11,negative,negative,negative,negative
Business Insider,2023-10-11,neutral,neutral,neutral,neutral
Business Insider,2023-10-11,neutral,neutral,neutral,neutral
Reuters,2023-10-11,neutral,positive,positive,neutral
